engine,scenario,minute,thermal_load_input,degradation_input,thermal_load_high,primary_cooling_degraded,backup_reserve_stressed,power_constraint,process_thermal_risk,alarm_interpreted,authorization_ready,intervention_executed,physical_risk_probability,decision_response_probability,uncontained_risk_probability,contained_or_avoided_probability,trace
NumPy density matrix,Sensor-only,0,0.0,0.0,0.02,0.014999999999999987,0.010109156412564753,0.010018907681419442,0.005044285193977102,0.005,0.0020000000000000005,0.0010000000000000002,0.005044285193977102,0.0010000000000000002,0.005039240908783125,0.0009949557148060232,1.0
NumPy density matrix,Sensor-only,1,0.0,0.0,0.019999999999999997,0.015000000000000003,0.010233560549759345,0.01003965451901358,0.00509724570145489,0.005000000000000002,0.0020000000000000018,0.0010000000000000007,0.00509724570145489,0.0010000000000000007,0.005092148455753436,0.0009949027542985453,1.0
NumPy density matrix,Sensor-only,2,0.0,0.0,0.02000000000000001,0.015000000000000013,0.010373044995350668,0.010062288722930154,0.005159008197654797,0.005000000000000002,0.0020000000000000018,0.0009999999999999998,0.005159008197654797,0.0009999999999999998,0.005153849189457142,0.0009948409918023452,1.0000000000000002
NumPy density matrix,Sensor-only,3,0.0,0.0,0.02000000000000001,0.014999999999999996,0.01052742132165413,0.010086860585511826,0.005229705164774293,0.005000000000000004,0.0020000000000000013,0.0009999999999999998,0.005229705164774293,0.0009999999999999998,0.005224475459609519,0.0009947702948352262,1.0000000000000002
NumPy density matrix,Sensor-only,4,0.0,0.0,0.020000000000000028,0.01499999999999999,0.01069648042587199,0.010113422303809343,0.005309474261280586,0.005000000000000001,0.0019999999999999996,0.0009999999999999998,0.005309474261280586,0.0009999999999999998,0.005304164787019306,0.0009946905257387187,1.0
NumPy density matrix,Sensor-only,5,0.0,0.0,0.020000000000000025,0.014999999999999989,0.010879992901635906,0.010142027793534377,0.00539845763690991,0.005000000000000004,0.0020000000000000018,0.0010000000000000005,0.00539845763690991,0.0010000000000000005,0.005393059179273001,0.0009946015423630897,1.0
NumPy density matrix,Sensor-only,6,0.0,0.0,0.02000000000000001,0.015,0.011077709444913021,0.010172732495013208,0.005496801195248665,0.005000000000000004,0.0020000000000000005,0.0009999999999999998,0.005496801195248665,0.0009999999999999998,0.005491304394053417,0.000994503198804751,1.0000000000000002
NumPy density matrix,Sensor-only,7,0.0,0.0,0.02000000000000003,0.014999999999999996,0.011289361293359687,0.01020559317172848,0.005604653806045468,0.005000000000000001,0.002000000000000002,0.0010000000000000009,0.005604653806045468,0.0010000000000000009,0.00559904915223942,0.0009943953461939551,0.9999999999999999
NumPy density matrix,Sensor-only,8,0.0,0.0,0.020000000000000042,0.015000000000000006,0.011514660698135582,0.010240667702060259,0.0057221664696754,0.004999999999999997,0.002,0.000999999999999999,0.0057221664696754,0.000999999999999999,0.005716444303205729,0.0009942778335303242,1.0
NumPy density matrix,Sensor-only,9,0.08333333333333333,0.0,0.020349292213022514,0.015000000000000006,0.011754709098368198,0.010278018276201319,0.005849497628131287,0.004999999999999998,0.002000000000000001,0.0009999999999999996,0.005849497628131287,0.0009999999999999996,0.005843648130503157,0.0009941505023718681,0.9999999999999999
NumPy density matrix,Sensor-only,10,0.16666666666666666,0.0,0.021055836091915216,0.014999999999999996,0.012010816810962058,0.010317712129586532,0.005986814680761795,0.004999999999999998,0.0020000000000000013,0.0009999999999999996,0.005986814680761795,0.0009999999999999996,0.005980827866081031,0.0009940131853192376,0.9999999999999994
NumPy density matrix,Sensor-only,11,0.25,0.0,0.022136386233502923,0.015000000000000003,0.012284525863762809,0.01035982237862023,0.006134295795316022,0.005,0.002000000000000003,0.0009999999999999996,0.006134295795316022,0.0009999999999999996,0.006128161499520705,0.0009938657042046837,0.9999999999999997
NumPy density matrix,Sensor-only,12,0.3333333333333333,0.0,0.02361642048960708,0.015000000000000019,0.012577636235972516,0.010404428971895132,0.006292132059735726,0.005000000000000006,0.0019999999999999987,0.001,0.006292132059735726,0.001,0.00628583992767599,0.000993707867940264,0.9999999999999997
NumPy density matrix,Sensor-only,13,0.4166666666666667,0.0,0.025530027106793533,0.015000000000000017,0.012892235115531437,0.010451619769038264,0.006460530020317643,0.005000000000000002,0.002,0.001,0.006460530020317643,0.001,0.006454069490297323,0.000993539469979682,0.9999999999999998
NumPy density matrix,Sensor-only,14,0.5,0.0,0.0279197453267246,0.015000000000000013,0.013230728723907872,0.010501491757849982,0.006639714651040392,0.005000000000000001,0.002000000000000002,0.0009999999999999992,0.006639714651040392,0.0009999999999999992,0.006633074936389352,0.000993360285348959,0.9999999999999999
NumPy density matrix,Sensor-only,15,0.5833333333333334,0.0,0.030836352053290095,0.015000000000000025,0.01359587619331856,0.010554152418496455,0.006829932796888811,0.004999999999999992,0.002000000000000001,0.0010000000000000009,0.006829932796888811,0.0010000000000000009,0.006823102864091926,0.000993170067203112,0.9999999999999994
NumPy density matrix,Sensor-only,16,0.6666666666666666,0.05,0.034338585436832644,0.015152317880187378,0.0139921324023857,0.010609724742028842,0.007031464210252818,0.0050000000000000044,0.0020000000000000013,0.0009999999999999992,0.007031464210252818,0.0009999999999999992,0.007024432746042564,0.0009929685357897467,1.0
NumPy density matrix,Sensor-only,17,0.75,0.1,0.038492794565806246,0.015457860118602984,0.0144245460416897,0.010668349649388278,0.007244628128305132,0.004999999999999998,0.002000000000000002,0.0009999999999999998,0.007244628128305132,0.0009999999999999998,0.007237383500176828,0.0009927553718716948,0.9999999999999997
NumPy density matrix,Sensor-only,18,0.8333333333333334,0.15,0.043372502923658574,0.01591985357019271,0.014898802018537728,0.010730188609722292,0.007469790612348865,0.005000000000000004,0.0020000000000000013,0.000999999999999999,0.007469790612348865,0.000999999999999999,0.0074623208217365145,0.0009925302093876504,0.9999999999999999
NumPy density matrix,Sensor-only,19,0.9166666666666666,0.2,0.04905787190167957,0.016543837131573435,0.015421265435748786,0.010795426457107868,0.007707372679637137,0.005000000000000005,0.002,0.0009999999999999998,0.007707372679637137,0.0009999999999999998,0.007699665306957496,0.0009922926273203633,1.0
NumPy density matrix,Sensor-only,20,1.0,0.25,0.05563504950227425,0.01733764809603519,0.01599902624393931,0.010864274400254444,0.007957859248679335,0.005,0.0020000000000000013,0.0009999999999999996,0.007957859248679335,0.0009999999999999996,0.007949901389430651,0.0009920421407513204,1.0
NumPy density matrix,Sensor-only,21,1.0,0.3,0.06259734043485332,0.01831140285054644,0.016637217602931936,0.010936965198836027,0.008221791073165176,0.004999999999999998,0.0020000000000000013,0.0010000000000000009,0.008221791073165176,0.0010000000000000009,0.008213569282092013,0.0009917782089268344,1.0
NumPy density matrix,Sensor-only,22,1.0,0.35,0.06993743905249579,0.019477471434873606,0.017341234518673233,0.011013754361331953,0.008499769272737673,0.004999999999999998,0.002,0.0009999999999999996,0.008499769272737673,0.0009999999999999996,0.008491269503464936,0.000991500230727262,1.0
NumPy density matrix,Sensor-only,23,1.0,0.4,0.07764764552252323,0.020850445353712554,0.018116738753225302,0.011094921325927161,0.008792459987005782,0.005000000000000001,0.0019999999999999987,0.0009999999999999994,0.008792459987005782,0.0009999999999999994,0.008783667527018774,0.000991207540012994,0.9999999999999998
NumPy density matrix,Sensor-only,24,1.0,0.45,0.08571987425965275,0.022447097906613304,0.0189696651303001,0.011180770621033205,0.009100599146376434,0.005000000000000001,0.002000000000000003,0.0009999999999999998,0.009100599146376434,0.0009999999999999998,0.009091498547230065,0.000990899400853624,1.0
NumPy density matrix,Sensor-only,25,1.0,0.5,0.09414566277785992,0.02428633617840963,0.019906229121159035,0.011271633001521687,0.00942499735207532,0.005279157142589626,0.0020000000000000018,0.001,0.00942499735207532,0.001,0.009415572354723248,0.0009905750026479253,0.9999999999999999
NumPy density matrix,Sensor-only,26,1.0,0.55,0.10291618095069018,0.026388058953310443,0.020932527610407047,0.011367843560475465,0.009766541913070057,0.005692200945044149,0.0020000000000000005,0.0009999999999999998,0.009766541913070057,0.0009999999999999998,0.00975677537115699,0.0009902334580869298,1.0
NumPy density matrix,Sensor-only,27,1.0,0.6,0.11202224872294021,0.028772716954886493,0.022054406003708938,0.011469736447092344,0.01012619731355535,0.006251158907831378,0.002000000000000001,0.000999999999999999,0.01012619731355535,0.000999999999999999,0.010116071116241803,0.0009898738026864447,1.0000000000000004
NumPy density matrix,Sensor-only,28,1.0,0.65,0.12145435453277716,0.03146211630409239,0.023277769820325003,0.011577663310448502,0.010505007337127973,0.0069685637009789456,0.0020000000000000018,0.0009999999999999994,0.010505007337127973,0.0009999999999999994,0.010494502329790842,0.0009894949926628714,1.0
NumPy density matrix,Sensor-only,29,1.0,0.7,0.1312026664484983,0.03447933099717512,0.024608563037372473,0.011691992065128599,0.010904096693132647,0.007857390608169673,0.0019999999999999987,0.001,0.010904096693132647,0.001,0.010893192596439507,0.000989095903306868,1.0
NumPy density matrix,Sensor-only,30,1.0,0.75,0.14125704363379446,0.03784860198133273,0.02605274651091723,0.011813105436281434,0.011324672088887131,0.008930990313603535,0.0020000000000000026,0.0009999999999999985,0.011324672088887131,0.0009999999999999985,0.011313347416798243,0.000988675327911112,0.9999999999999998
NumPy density matrix,Sensor-only,31,1.0,0.8,0.1516070481255375,0.04159522167072345,0.027616276508132965,0.011941399301233903,0.011768022693775054,0.0102030176301141,0.0020000000000000005,0.0010000000000000005,0.011768022693775054,0.0010000000000000005,0.011756254671081275,0.0009882319773062247,1.0
NumPy density matrix,Sensor-only,32,1.0,0.85,0.1622419569077883,0.04574540272543049,0.029305083382074375,0.012077280850086861,0.012235519944408805,0.01168735687874919,0.0020000000000000013,0.0009999999999999996,0.012235519944408805,0.0009999999999999996,0.012223284424464399,0.000987764480055591,0.9999999999999998
NumPy density matrix,Sensor-only,33,1.0,0.9,0.1731507742654083,0.05032612991285243,0.0311250504180746,0.012221166593060249,0.012728616644293705,0.01339804472678653,0.0020000000000000018,0.0009999999999999983,0.012728616644293705,0.0009999999999999983,0.012715888027649409,0.0009872713833557055,0.9999999999999999
NumPy density matrix,Sensor-only,34,1.0,0.95,0.18432224440035586,0.05536499388693073,0.03308199287841922,0.012373480247648306,0.013248845316738403,0.015349191367953135,0.0020000000000000013,0.0009999999999999985,0.013248845316738403,0.0009999999999999985,0.013235596471421664,0.000986751154683261,1.0
NumPy density matrix,Sensor-only,35,1.0,1.0,0.19574486429346016,0.06089000575796611,0.03518163726977736,0.012534650543774669,0.013797815776218216,0.017554900980541608,0.002000000000000002,0.0010000000000000002,0.013797815776218216,0.0010000000000000002,0.013784017960442006,0.0009862021842237812,1.0000000000000002
NumPy density matrix,Sensor-only,36,1.0,1.0,0.20740689679419852,0.066634446581534,0.03742708947755579,0.012705101911624331,0.01437719199685368,0.020024818297609517,0.0019999999999999996,0.0009999999999999994,0.01437719199685368,0.0009999999999999994,0.014362814804856822,0.0009856228080031464,1.0
NumPy density matrix,Sensor-only,37,1.0,1.0,0.21929638392072365,0.07258902939584073,0.03982106119431268,0.012885251758694127,0.014988684954698423,0.022767014217034826,0.0019999999999999996,0.001,0.014988684954698423,0.001,0.01497369626974372,0.000985011315045301,0.9999999999999998
NumPy density matrix,Sensor-only,38,1.0,1.0,0.23140116035298422,0.07874429139100592,0.04236584930587216,0.013075507935657626,0.01563404480604643,0.025787844799087346,0.002,0.001,0.01563404480604643,0.001,0.01561841076124038,0.0009843659551939533,0.9999999999999998
NumPy density matrix,Sensor-only,39,1.0,1.0,0.24370886710124318,0.08509061605221908,0.04506331712797773,0.013276266441095613,0.016315052454721528,0.029091832646649725,0.002,0.0009999999999999992,0.016315052454721528,0.0009999999999999992,0.016298737402266818,0.000983684947545278,0.9999999999999993
NumPy density matrix,Sensor-only,40,1.0,1.0,0.2562069653322046,0.09161825481475792,0.04791487761831737,0.013487909411794747,0.017033510569945905,0.03268157308291575,0.0019999999999999996,0.0009999999999999994,0.017033510569945905,0.0009999999999999994,0.01701647705937596,0.0009829664894300536,0.9999999999999992
NumPy density matrix,Sensor-only,41,1.0,1.0,0.2688827503349182,0.09831734818154259,0.0509214786873357,0.013710803440990118,0.01779123412464436,0.03655766708191953,0.001999999999999999,0.0009999999999999998,0.01779123412464436,0.0009999999999999998,0.01777344289051971,0.0009822087658753554,0.9999999999999992
NumPy density matrix,Sensor-only,42,1.0,1.0,0.28172336560858374,0.1051779462593089,0.054083590728402346,0.013945298261664194,0.018590040531801848,0.04071868238497439,0.0020000000000000005,0.0009999999999999992,0.018590040531801848,0.0009999999999999992,0.018571450491270042,0.0009814099594681977,0.9999999999999992
NumPy density matrix,Sensor-only,43,1.0,1.0,0.2947158170543895,0.1121900286747973,0.05740119648350678,0.014191725825881284,0.01943173946362395,0.04516114366353755,0.0020000000000000013,0.0010000000000000005,0.01943173946362395,0.0010000000000000005,0.019412307724160315,0.000980568260536376,0.999999999999999
NumPy density matrix,Sensor-only,44,1.0,1.0,0.30784698725352083,0.11934352383752511,0.06087378335461036,0.01445039980421046,0.020318122444627548,0.049879551980834574,0.002,0.0009999999999999987,0.020318122444627548,0.0009999999999999987,0.02029780432218291,0.0009796818775553722,0.9999999999999989
NumPy density matrix,Sensor-only,45,1.0,1.0,0.3211036498135324,0.12662832752073783,0.06450033826302833,0.014721615521676317,0.021250952315291595,0.05486643317719525,0.002,0.0009999999999999983,0.021250952315291595,0.0009999999999999983,0.021229701362976295,0.0009787490476847074,0.9999999999999993
NumPy density matrix,Sensor-only,46,1.0,1.0,0.3344724837653491,0.13403432073698135,0.06827934514968746,0.01500565033849145,0.02223195266740883,0.060112414175106585,0.0019999999999999983,0.0009999999999999994,0.02223195266740883,0.0009999999999999994,0.022209720714741418,0.0009777680473325905,0.9999999999999991
NumPy density matrix,Sensor-only,47,1.0,1.0,0.34794008799323795,0.14155138688940042,0.07220878519778591,0.015302764475202653,0.02326279735569687,0.06560632558781969,0.002,0.0009999999999999985,0.02326279735569687,0.0009999999999999985,0.023239534558341175,0.0009767372026443018,0.9999999999999992
NumPy density matrix,Sensor-only,48,1.0,1.0,0.3614929956802289,0.1491694281843276,0.07628613984626995,0.015613202272974632,0.02434510019245431,0.07133532843832499,0.0019999999999999996,0.0009999999999999994,0.02434510019245431,0.0009999999999999994,0.024320755092261868,0.0009756548998075448,0.999999999999999
NumPy density matrix,Sensor-only,49,1.0,1.0,0.37511768875158824,0.15687838129497925,0.08050839664766245,0.015937193870700403,0.025480404933010032,0.0772850622714189,0.0020000000000000005,0.000999999999999999,0.025480404933010032,0.000999999999999999,0.02545492452807703,0.0009745195950669889,0.999999999999999
NumPy density matrix,Sensor-only,50,1.0,1.0,0.38880061229911955,0.1646682322701135,0.08487205800718413,0.01627495727163794,0.02667017565934308,0.08343981148695764,0.0019999999999999983,0.0009999999999999998,0.02667017565934308,0.0009999999999999998,0.026643505483683737,0.0009733298243406565,0.9999999999999992
NumPy density matrix,Sensor-only,51,1.0,1.0,0.4025281889692381,0.17252903068533368,0.08937315282186992,0.01662670076350433,0.027915787667509604,0.0897826863518666,0.001999999999999998,0.0009999999999999996,0.027915787667509604,0.0009999999999999996,0.02788787187984209,0.0009720842123324897,0.9999999999999991
NumPy density matrix,Sensor-only,52,1.0,1.0,0.4162868332979787,0.18045090303831987,0.09400725101862427,0.01699262564759198,0.02921851896136867,0.09629581487424156,0.001999999999999999,0.000999999999999998,0.02921851896136867,0.000999999999999998,0.029189300442407296,0.0009707814810386305,0.9999999999999991
NumPy density matrix,Sensor-only,53,1.0,1.0,0.43006296597632426,0.18842406539267784,0.09876948096898244,0.017372929224685696,0.030579542450555094,0.1029605415541082,0.001999999999999997,0.000999999999999998,0.030579542450555094,0.000999999999999998,0.030548962908104542,0.0009694204575494436,0.999999999999999
NumPy density matrix,Sensor-only,54,1.0,1.0,0.44384302802946873,0.19643883527826894,0.10365454973593373,0.01776780797852884,0.03199991894471641,0.10975762896794011,0.0019999999999999987,0.000999999999999999,0.03199991894471641,0.000999999999999999,0.03196791902577167,0.0009680000810552827,0.999999999999999
NumPy density matrix,Sensor-only,55,1.0,1.0,0.45761349489391606,0.20448564285887577,0.1086567660846809,0.018177460891478925,0.033480591028757764,0.1166674581999587,0.0019999999999999983,0.0009999999999999985,0.033480591028757764,0.0009999999999999985,0.033447110437729,0.0009665194089712405,0.9999999999999987
NumPy density matrix,Sensor-only,56,1.0,1.0,0.47136089037657475,0.21255504138082576,0.11377006616487939,0.01860209282196306,0.035022377895284756,0.12367022430084831,0.001999999999999998,0.0009999999999999985,0.035022377895284756,0.0009999999999999985,0.03498735551738947,0.0009649776221047147,0.9999999999999989
NumPy density matrix,Sensor-only,57,1.0,1.0,0.4850718004803306,0.22063771691878387,0.11898804174693425,0.019041917869529384,0.03662597120068492,0.13074612322821183,0.0020000000000000005,0.000999999999999999,0.03662597120068492,0.000999999999999999,0.03658934522948423,0.000963374028799314,0.9999999999999983
NumPy density matrix,Sensor-only,58,1.0,1.0,0.4987328870808807,0.22872449743731058,0.12430397086961034,0.019497162650814595,0.03829193200045279,0.13787552709356554,0.0019999999999999983,0.0009999999999999998,0.03829193200045279,0.0009999999999999998,0.03825364006845232,0.0009617080679995463,0.9999999999999984
NumPy density matrix,Sensor-only,59,1.0,1.0,0.5123309014399532,0.23680636118897916,0.12971085073078117,0.019968069408704676,0.04002068880756948,0.14503914499517143,0.001999999999999997,0.0009999999999999985,0.04002068880756948,0.0009999999999999985,0.03998066811876193,0.0009599793111924297,0.9999999999999983
NumPy density matrix,Sensor-only,60,1.0,1.0,0.5258526975403989,0.2448744444718513,0.13520143262791945,0.020454898877430478,0.04181253680513741,0.1522181672387566,0.0019999999999999987,0.0009999999999999998,0.04181253680513741,0.0009999999999999998,0.04177072426833227,0.0009581874631948607,0.9999999999999981
NumPy density matrix,Sensor-only,61,1.0,1.0,0.5392852452289905,0.25292004877093804,0.14076825873022217,0.02095793282835517,0.0436676382312136,0.15939439132097824,0.001999999999999998,0.0009999999999999985,0.0436676382312136,0.0009999999999999985,0.043623970592982377,0.0009563323617687848,0.9999999999999983
NumPy density matrix,Sensor-only,62,1.0,1.0,0.5526156431531567,0.2609346473098813,0.1464037004403756,0.021477476224791542,0.045586023940054,0.16655032865330696,0.001999999999999997,0.0009999999999999992,0.045586023940054,0.0009999999999999992,0.045540437916113966,0.0009544139760599443,0.9999999999999983
NumPy density matrix,Sensor-only,63,1.0,1.0,0.5658311314782991,0.2689098910405449,0.15209999808128227,0.02201385891931618,0.047567596129965334,0.17366929161579994,0.001999999999999997,0.0009999999999999987,0.047567596129965334,0.0009999999999999987,0.04752002853383538,0.0009524324038700331,0.9999999999999983
NumPy density matrix,Sensor-only,64,1.0,1.0,0.5789191043727064,0.27683761409940993,0.1578493016218613,0.022567436833677998,0.04961213221385845,0.18073546112966862,0.0019999999999999966,0.000999999999999998,0.04961213221385845,0.000999999999999998,0.049562520081644586,0.0009503878677861395,0.999999999999998
NumPy density matrix,Sensor-only,65,1.0,1.0,0.5918671222475663,0.2847098387607124,0.1636437121367289,0.02313859256944545,0.05171928979461142,0.18773393550390388,0.0019999999999999974,0.0009999999999999983,0.05171928979461142,0.0009999999999999983,0.0516675705048168,0.0009482807102053865,0.999999999999998
NumPy density matrix,Sensor-only,66,1.0,1.0,0.6046629237399544,0.2925187799170395,0.16947532367744533,0.023727735406893186,0.05388861269368062,0.19465076182513047,0.0019999999999999966,0.0009999999999999983,0.05388861269368062,0.0009999999999999983,0.053834724080986954,0.0009461113873063171,0.9999999999999978
NumPy density matrix,Sensor-only,67,1.0,1.0,0.6172944374272138,0.30025684911869116,0.17533626521843323,0.024335300660144523,0.05611953796825083,0.20147295160410286,0.001999999999999997,0.0009999999999999996,0.05611953796825083,0.0009999999999999996,0.05606341843028257,0.0009438804620317473,0.9999999999999977
NumPy density matrix,Sensor-only,68,1.0,1.0,0.6297497932615225,0.3079166582034297,0.1812187423289915,0.024961748368097735,0.05841140383978393,0.20818848275243734,0.001999999999999997,0.0009999999999999974,0.05841140383978393,0.0009999999999999974,0.05835299243594416,0.0009415885961602139,0.9999999999999977
NumPy density matrix,Sensor-only,69,1.0,1.0,0.6420173337139929,0.31549102254833955,0.18711507821429668,0.02560756131296693,0.06076345844529908,0.21478629022828113,0.0019999999999999957,0.000999999999999997,0.06076345844529908,0.000999999999999997,0.06070269498685377,0.0009392365415546988,0.9999999999999974
NumPy density matrix,Sensor-only,70,1.0,1.0,0.654085624618118,0.3229729639752933,0.19301775376323055,0.026273242371149905,0.06317486931226729,0.22125624785246137,0.0019999999999999953,0.0009999999999999992,0.06317486931226729,0.0009999999999999992,0.06311169444295502,0.0009368251306877307,0.9999999999999974
NumPy density matrix,Sensor-only,71,1.0,1.0,0.6659434657028666,0.33035571334110747,0.19891944623954866,0.026959311214351446,0.06564473344879203,0.2275891438541746,0.001999999999999995,0.0009999999999999974,0.06564473344879203,0.0009999999999999974,0.06557908871534325,0.0009343552665512059,0.9999999999999973
NumPy density matrix,Sensor-only,72,1.0,1.0,0.6775799008062908,0.33763271284266483,0.20481306625549545,0.02766630039219435,0.06817208793291284,0.23377665265854974,0.001999999999999994,0.0009999999999999983,0.06817208793291284,0.0009999999999999983,0.0681039158449799,0.0009318279120670845,0.9999999999999972
NumPy density matrix,Sensor-only,73,1.0,1.0,0.6889842277609809,0.34479761806628206,0.21069179267370725,0.028394750840677236,0.07075592087852986,0.23981130528276556,0.001999999999999996,0.000999999999999996,0.07075592087852986,0.000999999999999996,0.07068516495765131,0.0009292440791214677,0.9999999999999971
NumPy density matrix,Sensor-only,74,1.0,1.0,0.7001460079432933,0.3518442998092054,0.2165491050942149,0.029145206873523948,0.07339518265070119,0.24568646047193782,0.001999999999999996,0.000999999999999997,0.07339518265070119,0.000999999999999997,0.07332178746805049,0.0009266048173492964,0.9999999999999969
NumPy density matrix,Sensor-only,75,1.0,1.0,0.7110550754787799,0.3587668456995031,0.2223788135986614,0.029918210725450065,0.07608879719997677,0.25139627839338974,0.002222437810695361,0.0009999999999999979,0.07608879719997677,0.0009999999999999979,0.07601270840277677,0.0009239112028000205,0.9999999999999969
NumPy density matrix,Sensor-only,76,1.0,1.0,0.7217015460968237,0.3655595616386373,0.22817508544351392,0.030714296727389238,0.07883567338405222,0.2569354618794247,0.002490644439222758,0.0009999999999999979,0.07883567338405222,0.0009999999999999979,0.07875683771066819,0.0009211643266159448,0.9999999999999969
NumPy density matrix,Sensor-only,77,1.0,1.0,0.7320758256280451,0.3722169839028054,0.23393247813882412,0.03153398563819037,0.08163471627176756,0.2622991941875736,0.002805479039202877,0.0009999999999999968,0.08163471627176756,0.0009999999999999968,0.08155308155549577,0.0009183652837282299,0.9999999999999969
NumPy density matrix,Sensor-only,78,1.0,1.0,0.7421686180852239,0.3787338905875454,0.23964596946986794,0.032377778800039614,0.0844848383183484,0.2674833537119045,0.0031675787565173075,0.000999999999999997,0.0844848383183484,0.000999999999999997,0.08440035348003005,0.0009155151616816487,0.9999999999999967
NumPy density matrix,Sensor-only,79,1.0,1.0,0.7519709333283694,0.3851053017932092,0.2453109742320534,0.03324615178842706,0.08738497016947744,0.2724845102848467,0.003577355726959093,0.0009999999999999972,0.08738497016947744,0.0009999999999999972,0.08729758519930796,0.0009126150298305194,0.9999999999999966
NumPy density matrix,Sensor-only,80,1.0,1.0,0.7614740943657667,0.39132647959150785,0.250923356672436,0.03413954808235782,0.09033407096872006,0.27729992915904855,0.004034996488386654,0.000999999999999997,0.09033407096872006,0.000999999999999997,0.09024373689775128,0.0009096659290312769,0.9999999999999964
NumPy density matrix,Sensor-only,81,1.0,1.0,0.7706697442879257,0.3973929277940336,0.256479438468766,0.03505837286909283,0.09333113804899526,0.28192758213548297,0.004540463813577931,0.0009999999999999963,0.09333113804899526,0.0009999999999999963,0.09323780691094623,0.0009066688619510019,0.9999999999999962
NumPy density matrix,Sensor-only,82,1.0,1.0,0.7795498528318643,0.4033003915404862,0.2619760021236212,0.03600298709876197,0.09637521589642847,0.28636616488276184,0.005093500934952849,0.0009999999999999966,0.09637521589642847,0.0009999999999999966,0.09627884068053207,0.0009036247841035683,0.9999999999999964
NumPy density matrix,Sensor-only,83,1.0,1.0,0.7881067225735865,0.4090448567208827,0.2674102897009121,0.03697370190299595,0.09946540428394865,0.29061511912761745,0.005693638097618716,0.0009999999999999963,0.09946540428394865,0.0009999999999999963,0.09936593887966473,0.0009005345957160479,0.9999999999999962
NumPy density matrix,Sensor-only,84,1.0,1.0,0.7963329947470398,0.41462254924241837,0.27277999688438725,0.03797077348826211,0.10260086548223753,0.29467465810104615,0.006340201343510375,0.0009999999999999974,0.10260086548223753,0.0009999999999999974,0.10249826461675524,0.0008973991345177591,0.9999999999999959
NumPy density matrix,Sensor-only,85,1.0,1.0,0.8042216546883159,0.42002993414785256,0.27808326239205744,0.03899439860886981,0.10578083046695289,0.29854579340866844,0.007032323397453185,0.0009999999999999953,0.10578083046695289,0.0009999999999999953,0.10567504963648591,0.0008942191695330426,0.999999999999996
NumPy density matrix,Sensor-only,86,0.95,1.0,0.8113954258687043,0.4252637145884172,0.2833160621674181,0.040044704777941115,0.10900458683551174,0.30223038010815517,0.007768956552593058,0.0009999999999999961,0.10900458683551174,0.0009999999999999961,0.10889558224867632,0.0008909954131644845,0.9999999999999958
NumPy density matrix,Sensor-only,87,0.9,1.0,0.8178954031160096,0.4303208306503824,0.28847470792990093,0.04112174701439218,0.11227148073831349,0.3057311573894347,0.008548887373216667,0.0009999999999999963,0.11227148073831349,0.0009999999999999963,0.1121592092575752,0.0008877285192616829,0.9999999999999954
NumPy density matrix,Sensor-only,88,0.85,1.0,0.8237624880804081,0.43519845796866763,0.2935558164354577,0.042225505483629404,0.11558091731687918,0.30905178346857165,0.009370753016603554,0.000999999999999996,0.11558091731687918,0.000999999999999996,0.11546533639956236,0.0008844190826831173,0.9999999999999952
NumPy density matrix,Sensor-only,89,0.8,1.0,0.8290370458561335,0.4398940061188084,0.2985562776978546,0.043355884085778076,0.11893235966559773,0.31219686246772343,0.010233058954038594,0.0009999999999999957,0.11893235966559773,0.0009999999999999957,0.1188134273059322,0.0008810676403343979,0.9999999999999952
NumPy density matrix,Sensor-only,90,0.75,1.0,0.8337585985609861,0.4444051167768875,0.3034732225543543,0.044512710027545775,0.12232532635346284,0.3151719613116449,0.011134197853772409,0.0009999999999999957,0.12232532635346284,0.0009999999999999957,0.12220300102710936,0.0008776746736465334,0.999999999999995
NumPy density matrix,Sensor-only,91,0.7,1.0,0.8295858981408353,0.4487296616355174,0.3083039899495392,0.04569573439558204,0.12575938756051236,0.317983614993607,0.012072469375913332,0.0009999999999999966,0.12575938756051236,0.0009999999999999966,0.1256336281729518,0.0008742406124394831,0.9999999999999948
NumPy density matrix,Sensor-only,92,0.65,1.0,0.8249649076013882,0.452865740062767,0.31300581181467996,0.04690459225746438,0.12923409212351378,0.32063856947135216,0.013046099510512481,0.0009999999999999953,0.12923409212351378,0.0009999999999999953,0.12910485803139032,0.0008707659078764819,0.9999999999999949
NumPy density matrix,Sensor-only,93,0.6,1.0,0.819941644233546,0.45681167648994175,0.31757743652003684,0.04813884907202331,0.132749018387231,0.3231446530527615,0.014053261726981741,0.0009999999999999955,0.132749018387231,0.0009999999999999955,0.1326162693688437,0.0008672509816127643,0.9999999999999948
NumPy density matrix,Sensor-only,94,0.55,1.0,0.8145585216801093,0.4605660170129513,0.32201778776248663,0.04939800492549612,0.1363037658835061,0.32551075901804877,0.0150920983976729,0.0009999999999999972,0.1363037658835061,0.0009999999999999972,0.13616746211762257,0.0008636962341164895,0.9999999999999947
NumPy density matrix,Sensor-only,95,0.5,1.0,0.8088544072529791,0.46412752563993204,0.3263257155836218,0.05068149956707829,0.13989781698162496,0.3277468112881805,0.01616074224173045,0.001013187976724072,0.13989781698162496,0.001013187976724072,0.13975501755441072,0.0008703885495098333,0.9999999999999948
NumPy density matrix,Sensor-only,96,0.44999999999999996,1.0,0.8028647023193782,0.46749518018085057,0.33050030815847914,0.051988717296533496,0.1435307252109208,0.3298637139753923,0.0172572727085638,0.001031296408397599,0.1435307252109208,0.001031296408397599,0.14338015084755384,0.0008807220450307323,0.9999999999999947
NumPy density matrix,Sensor-only,97,0.4,1.0,0.7966214423009937,0.47066816774132814,0.33454072790537975,0.053318993821386475,0.14720202614491354,0.3318732849727159,0.01837973946473225,0.0010547312252742462,0.14720202614491354,0.0010547312252742462,0.1470422328935992,0.0008949379739598303,0.9999999999999947
NumPy density matrix,Sensor-only,98,0.35,1.0,0.7901534131435144,0.4736458798527175,0.33844618753563743,0.054671623092735176,0.15091122585357142,0.3337881748436796,0.019526248239369673,0.0010838994045935853,0.15091122585357142,0.0010838994045935853,0.15074059854761335,0.0009132720986354674,0.9999999999999948
NumPy density matrix,Sensor-only,99,0.30000000000000004,1.0,0.783486281472118,0.47642790722262907,0.34221592958563846,0.05604586454164949,0.1546577890880685,0.3356217710945629,0.02069498127811769,0.0011192077372736656,0.1546577890880685,0.0011192077372736656,0.1544745355255307,0.0009359541747357526,0.9999999999999946
NumPy density matrix,Sensor-only,100,0.25,1.0,0.7766427359597576,0.47901403413219207,0.34584920948592607,0.057440950598601874,0.1584411273514462,0.33738809010274284,0.02188421652630072,0.001161061706228324,0.1584411273514462,0.001161061706228324,0.1582432732487895,0.0009632076035717868,0.9999999999999946
NumPy density matrix,Sensor-only,101,0.19999999999999996,1.0,0.769642637740542,0.4814042324870391,0.34934528217820987,0.05885609437414961,0.1622605870059996,0.3391016584054792,0.02309234535730626,0.0012098644878173167,0.1622605870059996,0.0012098644878173167,0.16204597177523133,0.0009952492570489844,0.9999999999999947
NumPy density matrix,Sensor-only,102,0.15000000000000002,1.0,0.7625031779895579,0.4835986555319034,0.3527033922659256,0.06029049737751127,0.16611543756426025,0.34077738518223505,0.024317888689342784,0.0012660160859730128,0.16611543756426025,0.0012660160859730128,0.16588171095552143,0.0010322894772341663,0.9999999999999944
NumPy density matrix,Sensor-only,103,0.09999999999999998,1.0,0.7552390410613566,0.4855976312418591,0.35592276765957515,0.061743357150152785,0.1700048603052231,0.34243042783684347,0.025559511361579537,0.0013299126065298005,0.1700048603052231,0.0013299126065298005,0.16974947994844242,0.0010745322497491174,0.9999999999999946
NumPy density matrix,Sensor-only,104,0.050000000000000044,1.0,0.7478625718309573,0.4874016554065738,0.35900261665417077,0.06321387469398117,0.17392793735116446,0.3440760526083999,0.026816034668431313,0.0014019456772471786,0.17392793735116446,0.0014019456772471786,0.17364816722146978,0.0011221755475524847,0.9999999999999943
NumPy density matrix,Sensor-only,105,0.0,1.0,0.740383946112648,0.489011384427491,0.36194212835254247,0.0647012615781771,0.17788364133308618,0.3457294921184727,0.02808644697781696,0.0014825020169971742,0.17788364133308618,0.0014825020169971742,0.17757655115521134,0.0011754118391223956,0.9999999999999944
NumPy density matrix,Sensor-only,106,0.0,1.0,0.7329801066515209,0.4904276278515249,0.3647433163538503,0.06620475120700954,0.18187085144650322,0.34740575603073304,0.029369912130095127,0.0015719631551011789,0.18187085144650322,0.0015719631551011789,0.18153331699431818,0.0012344287029161806,0.9999999999999942
NumPy density matrix,Sensor-only,107,0.0,1.0,0.7256503055850059,0.49165134066857463,0.36740824678650935,0.06772360490429945,0.18588834640772006,0.3491194849618718,0.030665775803366473,0.0016707053001295586,0.18588834640772006,0.0016707053001295586,0.18551705072280733,0.001299409615216742,0.9999999999999941
NumPy density matrix,Sensor-only,108,0.0,1.0,0.7183938025291562,0.4926836154448839,0.36993901355544456,0.06925711739281741,0.18993479798948965,0.3508848075193193,0.031973569848735214,0.001779099355642422,0.18993479798948965,0.001779099355642422,0.1895262335003366,0.0013705348664894393,0.9999999999999944
NumPy density matrix,Sensor-only,109,0.0,1.0,0.7112098645038647,0.493525674323102,0.3723377159165297,0.0708046215942523,0.19400876518171659,0.35271520197678513,0.03329301461948139,0.001897511078625782,0.19400876518171659,0.001897511078625782,0.19355923669557712,0.0014479825924863144,0.9999999999999941
NumPy density matrix,Sensor-only,110,0.0,1.0,0.7040977658588263,0.4941788609233216,0.37460643851088016,0.07236549268673861,0.19810868901656828,0.3546233639788891,0.03462401933592362,0.0020263013747744826,0.19810868901656828,0.0020263013747744826,0.19761431754695574,0.0015319299051619474,0.999999999999994
NumPy density matrix,Sensor-only,111,0.0,1.0,0.6970567882002374,0.4946446321826673,0.3767472339560253,0.07393915136909997,0.20223288809118678,0.3566210815498946,0.03596668054310023,0.0021658267232988267,0.20223288809118678,0.0021658267232988267,0.20168961547544126,0.001622554107553316,0.999999999999994
NumPy density matrix,Sensor-only,112,0.0,1.0,0.6900862203182351,0.4949245501742042,0.37876210805489446,0.07552506629373139,0.20637955481527956,0.3587191185736353,0.03732127873142001,0.002316439722588702,0.20637955481527956,0.002316439722588702,0.20578314906880077,0.001720033976109944,0.9999999999999938
NumPy density matrix,Sensor-only,113,0.0,1.0,0.6831853581150533,0.4950202739489281,0.3806530076475446,0.07712275564319637,0.21054675240522147,0.36092710781535503,0.038688273201376404,0.0024784897468584145,0.21054675240522147,0.0024784897468584145,0.20989281375188407,0.0018245510935209785,0.999999999999994
NumPy density matrix,Sensor-only,114,0.0,1.0,0.6763535045339024,0.4949335514472876,0.38242181109508855,0.0787317878389395,0.21473241264102086,0.3632534544728528,0.04006829526259064,0.0026523237028158015,0.21473241264102086,0.0026523237028158015,0.2140163801530552,0.0019362912148501435,0.9999999999999939
NumPy density matrix,Sensor-only,115,0.0,1.0,0.6695899694885639,0.49466621152907697,0.3840703213509356,0.08035178138379306,0.218934334397607,0.3657052511737975,0.0414621398652135,0.0028382868744486096,0.218934334397607,0.0028382868744486096,0.21815149317289315,0.002055445649734887,0.9999999999999939
NumPy density matrix,Sensor-only,116,0.0,1.0,0.6628940697936773,0.49422015617247256,0.3856002615416413,0.08198240385298948,0.22315018295741992,0.3682882052763708,0.04287075576843691,0.0030367238431971578,0.22315018295741992,0.0030367238431971578,0.22229567175773404,0.002182212643511322,0.9999999999999939
NumPy density matrix,Sensor-only,117,0.0,1.0,0.6562651290957415,0.493597352894458,0.387013272948851,0.08362337006097062,0.22737749010723285,0.37100657927813174,0.04429523435692461,0.003247979470082546,0.22737749010723285,0.003247979470082546,0.22644630937752386,0.0023167987403735556,0.9999999999999939
NumPy density matrix,Sensor-only,118,0.0,1.0,0.6497024778047834,0.49279982744583484,0.3883109152554491,0.08527443944324083,0.23161365501851136,0.3738631450884424,0.04573679722169378,0.003472399925783502,0.23161365501851136,0.003472399925783502,0.23060067520477945,0.0024594201120515017,0.9999999999999938
NumPy density matrix,Sensor-only,119,0.0,1.0,0.6432054530267359,0.4918296568343655,0.389494668893395,0.08693541270365474,0.23585594590739725,0.3768591528674504,0.0471967826276578,0.003710333754202107,0.23585594590739725,0.003710333754202107,0.23475591598918222,0.0026103038359870778,0.9999999999999938
NumPy density matrix,Sensor-only,120,0.0,1.0,0.6367733984964687,0.4906889627293303,0.39056593930822486,0.08860612778772516,0.24010150246757045,0.37999431507335374,0.04867663099588069,0.003962132954731435,0.24010150246757045,0.003962132954731435,0.23890905862044143,0.002769689107602479,0.9999999999999937
NumPy density matrix,Accelerated-response,0,0.0,0.0,0.020000000000000025,0.014999999999999993,0.010106831190328748,0.010018907681419447,0.005042660820438494,0.005000000000000006,0.0020000000000000005,0.0010000000000000002,0.005042660820438494,0.0010000000000000002,0.005037618159618055,0.000994957339179561,1.0000000000000002
NumPy density matrix,Accelerated-response,1,0.0,0.0,0.01999999999999999,0.015000000000000015,0.010228868705892478,0.010039649776672772,0.005093965570588653,0.005,0.0019999999999999996,0.001,0.005093965570588653,0.001,0.005088871605018065,0.0009949060344294108,1.0
NumPy density matrix,Accelerated-response,2,0.0,0.0,0.020000000000000018,0.015000000000000005,0.010365940069607386,0.010062273673964332,0.005154034148561764,0.005,0.0019999999999999987,0.001000000000000001,0.005154034148561764,0.001000000000000001,0.0051488801144132035,0.0009948459658514388,1.0000000000000002
NumPy density matrix,Accelerated-response,3,0.0,0.0,0.019999999999999997,0.015000000000000012,0.010517851919230206,0.01008682882601698,0.005222992147044432,0.005000000000000004,0.002000000000000002,0.001,0.005222992147044432,0.001,0.005217769154897387,0.0009947770078529558,0.9999999999999999
NumPy density matrix,Accelerated-response,4,0.0,0.0,0.02,0.015000000000000003,0.01068439035766754,0.01011336657208995,0.005300970222842765,0.005000000000000004,0.001999999999999999,0.0010000000000000013,0.005300970222842765,0.0010000000000000013,0.005295669252619921,0.0009946990297771579,1.0000000000000002
NumPy density matrix,Accelerated-response,5,0.0,0.0,0.02000000000000001,0.014999999999999993,0.010865321338116653,0.010141939951588604,0.005388103413445477,0.005000000000000005,0.0019999999999999974,0.0010000000000000013,0.005388103413445477,0.0010000000000000013,0.00538271531003203,0.0009946118965865553,1.0
NumPy density matrix,Accelerated-response,6,0.0,0.0,0.019999999999999997,0.015000000000000006,0.011060391083161793,0.010172603509833535,0.00548453040257387,0.005000000000000005,0.0020000000000000018,0.0010000000000000007,0.00548453040257387,0.0010000000000000007,0.005479045872171295,0.0009945154695974263,1.0
NumPy density matrix,Accelerated-response,7,0.0,0.0,0.020000000000000018,0.015000000000000001,0.011269326536877152,0.010205413096582289,0.005590392736952592,0.005000000000000007,0.002000000000000001,0.001,0.005590392736952592,0.001,0.005584802344215637,0.0009944096072630468,1.0
NumPy density matrix,Accelerated-response,8,0.0,0.0,0.020000000000000018,0.01500000000000002,0.011491835848916715,0.010240425657920126,0.005705833996798754,0.005000000000000003,0.002,0.0009999999999999998,0.005705833996798754,0.0009999999999999998,0.005700128162801955,0.000994294166003201,0.9999999999999999
NumPy density matrix,Accelerated-response,9,0.08333333333333333,0.0,0.020349292962552702,0.01500000000000001,0.011729015088355894,0.010277702430628954,0.005831005100572193,0.005000000000000002,0.001999999999999998,0.0010000000000000022,0.005831005100572193,0.0010000000000000022,0.005825174095471621,0.0009941689948994288,0.9999999999999999
NumPy density matrix,Accelerated-response,10,0.16666666666666666,0.0,0.02105583889929661,0.015000000000000008,0.011982168566867027,0.010317309673702028,0.005966065817225196,0.005000000000000009,0.0019999999999999987,0.0009999999999999994,0.005966065817225196,0.0009999999999999994,0.00596009975140797,0.0009940339341827742,0.9999999999999999
NumPy density matrix,Accelerated-response,11,0.25,0.0,0.022136393149268335,0.015000000000000013,0.012252831566009823,0.010359319501755811,0.0061111865717197724,0.005,0.002000000000000001,0.0009999999999999998,0.0061111865717197724,0.0009999999999999998,0.0061050753851480495,0.0009938888134282807,1.0
NumPy density matrix,Accelerated-response,12,0.3333333333333333,0.0,0.02361643451313954,0.014999999999999998,0.012542796457673028,0.010403810833473399,0.006266550588777473,0.005000000000000008,0.002,0.0010000000000000002,0.006266550588777473,0.0010000000000000002,0.006260284038188695,0.000993733449411223,1.0
NumPy density matrix,Accelerated-response,13,0.4166666666666667,0.0,0.025530052416106334,0.015000000000000005,0.01285414182735572,0.01045087046715363,0.006432356419944936,0.005000000000000005,0.0019999999999999987,0.001,0.006432356419944936,0.001,0.0064259240635249895,0.000993567643580055,0.9999999999999999
NumPy density matrix,Accelerated-response,14,0.5,0.0,0.02791978753138254,0.015000000000000019,0.013189264151094332,0.010500594293970246,0.006608820898173934,0.005000000000000003,0.002000000000000002,0.0010000000000000002,0.006608820898173934,0.0010000000000000002,0.006602212077275764,0.0009933911791018262,0.9999999999999997
NumPy density matrix,Accelerated-response,15,0.5833333333333334,0.0,0.030836418470481245,0.015000000000000017,0.013550911511849166,0.010553088657643593,0.006796182562105612,0.005000000000000004,0.0020000000000000005,0.0009999999999999996,0.006796182562105612,0.0009999999999999996,0.0067893863795435066,0.0009932038174378939,1.0
NumPy density matrix,Accelerated-response,16,0.6666666666666666,0.05,0.03433868539054505,0.015152321569372374,0.013943524377402875,0.010608475363266577,0.006994712644573212,0.005000000000000004,0.0019999999999999987,0.0009999999999999998,0.006994712644573212,0.0009999999999999998,0.006987717931928638,0.000993005287355427,0.9999999999999994
NumPy density matrix,Accelerated-response,17,0.75,0.1,0.03849293970892625,0.015457872633043485,0.014372134660750168,0.010666894088062985,0.007204721606109105,0.005000000000000003,0.0020000000000000013,0.0010000000000000002,0.007204721606109105,0.0010000000000000002,0.007197516884502995,0.0009927952783938907,0.9999999999999994
NumPy density matrix,Accelerated-response,18,0.8333333333333334,0.15,0.043372707582585074,0.015919881750480737,0.01484240787304822,0.010728504990352099,0.007426566421210115,0.004999999999999998,0.002,0.0009999999999999996,0.007426566421210115,0.0009999999999999996,0.0074191398547889045,0.00099257343357879,0.9999999999999996
NumPy density matrix,Accelerated-response,19,0.9166666666666666,0.2,0.04905815344272754,0.016543889796483358,0.015360686845627263,0.010793491515805066,0.007660658646973611,0.005000000000000001,0.0020000000000000005,0.000999999999999999,0.007660658646973611,0.000999999999999999,0.007652997988326635,0.0009923393413530258,0.9999999999999992
NumPy density matrix,Accelerated-response,20,1.0,0.25,0.055635428718714894,0.017337736331540385,0.015934036124220036,0.010862063395582789,0.007907473294267301,0.005000000000000004,0.0019999999999999987,0.0010000000000000009,0.007907473294267301,0.0010000000000000009,0.007899565820973047,0.0009920925267057333,0.9999999999999997
NumPy density matrix,Accelerated-response,21,1.0,0.3,0.06259783256224612,0.01831154031355852,0.016567565205259295,0.010934451824059433,0.008167540753198246,0.005000000000000001,0.0019999999999999996,0.0010000000000000007,0.008167540753198246,0.0010000000000000007,0.008159373212445049,0.000991832459246802,0.9999999999999997
NumPy density matrix,Accelerated-response,22,1.0,0.35,0.06993806085172315,0.019477674671089275,0.01726664377891862,0.011010910649901466,0.008441451270303326,0.0050000000000000044,0.001999999999999998,0.001,0.008441451270303326,0.001,0.008433009819033024,0.0009915585487296967,0.9999999999999992
NumPy density matrix,Accelerated-response,23,1.0,0.4,0.07764841536820986,0.02085073412895286,0.018036906621610067,0.011091717550372191,0.008729859545552037,0.004999999999999999,0.0020000000000000005,0.0009999999999999994,0.008729859545552037,0.0009999999999999994,0.008721129686006489,0.000991270140454447,0.9999999999999994
NumPy density matrix,Accelerated-response,24,1.0,0.45,0.0857208122314596,0.02244749555101918,0.01888425989070824,0.011177175185523504,0.009033489442811696,0.005000000000000002,0.0019999999999999996,0.001,0.009033489442811696,0.001,0.009024455953368883,0.000990966510557188,0.999999999999999
NumPy density matrix,Accelerated-response,25,1.0,0.5,0.09414679075429708,0.024286869942814975,0.019814888706983246,0.011267612328477542,0.009353138806244464,0.005278703637433111,0.002000000000000001,0.0010000000000000005,0.009353138806244464,0.0010000000000000005,0.009343785667438221,0.0009906468611937556,0.9999999999999993
NumPy density matrix,Accelerated-response,26,1.0,0.55,0.10291752270508106,0.02638876028848239,0.020834858651650703,0.011363362076370483,0.00968968144477754,0.005691039043799006,0.001999999999999997,0.001,0.00968968144477754,0.001,0.009679991763332767,0.0009903103185552225,0.999999999999999
NumPy density matrix,Accelerated-response,27,1.0,0.6,0.11202383001085968,0.028773621646298618,0.021949983403765014,0.011464756594913786,0.010044067555546198,0.006249005903315088,0.0019999999999999987,0.001000000000000001,0.010044067555546198,0.001000000000000001,0.01003402348799066,0.0009899559324444544,0.9999999999999991
NumPy density matrix,Accelerated-response,28,1.0,0.65,0.12145620316731719,0.03146326455421953,0.023166136061052073,0.011572145477284034,0.010417325797882246,0.006965110174732688,0.0019999999999999966,0.0010000000000000002,0.010417325797882246,0.0010000000000000002,0.010406908472084373,0.0009895826742021172,0.9999999999999988
NumPy density matrix,Accelerated-response,29,1.0,0.7,0.13120481237156367,0.03448076741337909,0.024489227702863867,0.011685894515243002,0.010810564873091408,0.007852302229550313,0.0019999999999999996,0.000999999999999999,0.010810564873091408,0.000999999999999999,0.010799754308218312,0.0009891894351269075,0.9999999999999988
NumPy density matrix,Accelerated-response,30,1.0,0.75,0.14125951898293404,0.037850375456794164,0.02592518605426252,0.011806384251496488,0.01122497455484325,0.00892391039136797,0.001999999999999999,0.0009999999999999992,0.01122497455484325,0.0009999999999999992,0.011213749580288406,0.0009887750254451565,0.9999999999999988
NumPy density matrix,Accelerated-response,31,1.0,0.8,0.15160988729583286,0.04159738514640213,0.02747993428466863,0.0119340083304275,0.011661826117327814,0.010193570464309725,0.0019999999999999987,0.001000000000000001,0.011661826117327814,0.001000000000000001,0.011650164291210494,0.0009883381738826724,0.9999999999999989
NumPy density matrix,Accelerated-response,32,1.0,0.85,0.16224519660833644,0.045748012821781335,0.02915936997147923,0.01206917166957746,0.012122472111581118,0.011675151947507187,0.0019999999999999983,0.000999999999999999,0.012122472111581118,0.000999999999999999,0.012110349639469538,0.000987877527888418,0.999999999999999
NumPy density matrix,Accelerated-response,33,1.0,0.9,0.17315445356995307,0.05032924642100786,0.03096934425615118,0.012212288479533871,0.012608345444627269,0.013382681726764777,0.002,0.0010000000000000002,0.012608345444627269,0.0010000000000000002,0.012595737099182646,0.0009873916545553724,0.999999999999999
NumPy density matrix,Accelerated-response,34,1.0,0.95,0.18432640479164122,0.055368679110288956,0.032915641217478815,0.012363780165112206,0.013120957721394048,0.01533026610880056,0.0020000000000000018,0.0009999999999999987,0.013120957721394048,0.0009999999999999987,0.013107836763672649,0.0009868790422786055,0.9999999999999992
NumPy density matrix,Accelerated-response,35,1.0,1.0,0.19574954970090355,0.06089432369660956,0.035003957484181454,0.012524073145779952,0.013661896815791762,0.01753201211306752,0.001999999999999999,0.0009999999999999996,0.013661896815791762,0.0009999999999999996,0.01364823491897597,0.000986338103184208,0.9999999999999991
NumPy density matrix,Accelerated-response,36,1.0,1.0,0.20741215362450102,0.06663942882318585,0.03723737607530423,0.012693589573167097,0.014232803874308192,0.019997575258509585,0.0019999999999999987,0.0009999999999999996,0.014232803874308192,0.0009999999999999996,0.014218571070433885,0.0009857671961256917,0.9999999999999992
NumPy density matrix,Accelerated-response,37,1.0,1.0,0.2193022610810595,0.07259470448141575,0.03961858859567656,0.012872744625746082,0.014835366216629292,0.02273504555718464,0.0019999999999999983,0.0009999999999999992,0.014835366216629292,0.0009999999999999992,0.014820530850412664,0.00098516463378337,0.9999999999999993
NumPy density matrix,Accelerated-response,38,1.0,1.0,0.23140770926644122,0.07875068417633985,0.042149874883343,0.013061943991569725,0.015471309586318042,0.025750807014588734,0.0021789203382184333,0.001,0.015471309586318042,0.001,0.01545583827673172,0.0009845286904136814,0.9999999999999994
NumPy density matrix,Accelerated-response,39,1.0,1.0,0.24371614171421055,0.08509774705945695,0.04483308449157422,0.01326158158854668,0.016142389804404397,0.02904538474058194,0.002514813544686634,0.000999999999999999,0.016142389804404397,0.000999999999999999,0.016126247414600014,0.0009838576101955949,0.9999999999999991
NumPy density matrix,Accelerated-response,40,1.0,1.0,0.2562150221134353,0.09162622078064811,0.04766965600269965,0.01347203927698628,0.01685038423698414,0.032612458665340543,0.0030307472747444085,0.0009999999999999994,0.01685038423698414,0.0009999999999999994,0.01683353385274715,0.0009831496157630154,0.9999999999999991
NumPy density matrix,Accelerated-response,41,1.0,1.0,0.26889164788874215,0.09832648348387224,0.050660649626426656,0.013693687545362498,0.01759708332001599,0.036442326224045044,0.003749539876389478,0.0009999999999999998,0.01759708332001599,0.0009999999999999998,0.017579486236695977,0.0009824029166799837,0.9999999999999992
NumPy density matrix,Accelerated-response,42,1.0,1.0,0.2817331635097335,0.10518898544821559,0.053806754457999616,0.013926885396727134,0.01838428201159461,0.040521923537112786,0.004693326342372912,0.000999999999999999,0.01838428201159461,0.000999999999999999,0.018365897729583025,0.0009816157179884043,0.9999999999999991
NumPy density matrix,Accelerated-response,43,1.0,1.0,0.29472657387077666,0.11220426835672075,0.05710829786858297,0.014171980694156167,0.019213771280754844,0.04483490868723264,0.005883126755746863,0.0009999999999999985,0.019213771280754844,0.0009999999999999985,0.01919455750947409,0.0009807862287192445,0.9999999999999996
NumPy density matrix,Accelerated-response,44,1.0,1.0,0.30785875773171106,0.11936298223675673,0.060565256708852454,0.014429310949301227,0.020087329741280094,0.04936180760841302,0.007338429769542985,0.0009999999999999992,0.020087329741280094,0.0009999999999999992,0.02006724241153881,0.000979912670258719,0.9999999999999992
NumPy density matrix,Accelerated-response,45,1.0,1.0,0.32111648121058295,0.1266559001385921,0.06417726999401435,0.014699204525251246,0.02100671553643553,0.05408022170116123,0.009076803452753917,0.0009999999999999992,0.02100671553643553,0.0009999999999999992,0.02098570882089909,0.0009789932844635639,0.9999999999999993
NumPy density matrix,Accelerated-response,46,1.0,1.0,0.33448641131999585,0.13407393063924983,0.06794365273113916,0.014981982212896542,0.02197365857604543,0.05896509484827511,0.011113545162542782,0.0009999999999999998,0.02197365857604543,0.0009999999999999998,0.02195168491746941,0.0009780263414239539,0.999999999999999
NumPy density matrix,Accelerated-response,47,1.0,1.0,0.34795512953909935,0.14160812827652525,0.0718634105477555,0.015277959129204833,0.02298985322093628,0.06398903606712895,0.013461380980810938,0.001,0.02298985322093628,0.001,0.022966863367715352,0.0009770101467790632,0.9999999999999991
NumPy density matrix,Accelerated-response,48,1.0,1.0,0.3615091454135804,0.14924970203318727,0.07593525478394753,0.015587446876607887,0.024056951501566913,0.06912269263820488,0.01613022371644433,0.0009999999999999985,0.024056951501566913,0.0009999999999999985,0.02403289455006535,0.0009759430484984325,0.9999999999999989
NumPy density matrix,Accelerated-response,49,1.0,1.0,0.3751349101763033,0.15699002200380519,0.08015761771853576,0.01591075589534253,0.025176556947801767,0.07433516723790315,0.019126996576674035,0.0009999999999999985,0.025176556947801767,0.0009999999999999985,0.025151380390853954,0.0009748234430521976,0.9999999999999989
NumPy density matrix,Accelerated-response,50,1.0,1.0,0.3888188303813999,0.16482062438642384,0.0845237273363643,0.016248197935312503,0.02634806280045181,0.07959447141734155,0.022455527423440612,0.0012086736408261443,0.02634806280045181,0.0012086736408261443,0.026282617765629453,0.0011432286060037854,0.9999999999999988
NumPy density matrix,Accelerated-response,51,1.0,1.0,0.4025472815447103,0.1727332149484447,0.0890242201902587,0.016600068270510766,0.02756977536634252,0.08486793031890828,0.026107828742380712,0.0016831979389218832,0.02756977536634252,0.0016831979389218832,0.02740896087801786,0.0015223834505972307,0.9999999999999987
NumPy density matrix,Accelerated-response,52,1.0,1.0,0.4163066234122211,0.18071967168681813,0.09364705021665497,0.01696663933901006,0.02883884064248397,0.09012314778314202,0.030062667870149704,0.002470270295476367,0.02883884064248397,0.002470270295476367,0.028512238209732442,0.0021436678627248314,0.9999999999999989
NumPy density matrix,Accelerated-response,53,1.0,1.0,0.43008321575014546,0.18877203975254148,0.09837725332141159,0.017348154011610686,0.0301511015216245,0.09532910404047983,0.03429373272696039,0.0036136083727710848,0.0301511015216245,0.0036136083727710848,0.029572641302676728,0.003035148153823303,0.9999999999999988
NumPy density matrix,Accelerated-response,54,1.0,1.0,0.4438634346135832,0.1968825191732312,0.1031967741924329,0.01774481781026159,0.031500975804598826,0.10045686288074769,0.03877037814742458,0.005152492561473203,0.031500975804598826,0.005152492561473203,0.03056930077599852,0.004220817532872894,0.9999999999999987
NumPy density matrix,Accelerated-response,55,1.0,1.0,0.4576336890989902,0.20504345214249953,0.10808437955946347,0.018156790420357154,0.03288136543224897,0.10548026090511015,0.043458512160389456,0.007120427082444554,0.03288136543224897,0.007120427082444554,0.03148099214996676,0.0057200538001623375,0.9999999999999986
NumPy density matrix,Accelerated-response,56,1.0,1.0,0.4713804385337463,0.2132473102688928,0.11301567744252013,0.01858417675652417,0.03428360790112803,0.11037655863244944,0.04832158825451138,0.009543967111957248,0.03428360790112803,0.009543967111957248,0.032286951733381114,0.007547310944210308,0.9999999999999986
NumPy density matrix,Accelerated-response,57,1.0,1.0,0.4850902100338953,0.22148668215032294,0.1179632592299366,0.019027017896503545,0.035697480666220104,0.11512703184313446,0.05332166495603066,0.012441750617048955,0.035697480666220104,0.012441750617048955,0.03296777134443803,0.009712041295266882,0.9999999999999987
NumPy density matrix,Accelerated-response,58,1.0,1.0,0.49874961633936427,0.2297542616089618,0.12289697716393495,0.019485282243141912,0.03711126827455672,0.11971748089934164,0.05842049109543531,0.015823763592370758,0.03711126827455672,0.015823763592370758,0.03350632919785058,0.012218824515664627,0.9999999999999987
NumPy density matrix,Accelerated-response,59,1.0,1.0,0.5123453738155146,0.23804283688670963,0.1277843640089072,0.019958857306646285,0.03851189988172215,0.12413863614631161,0.0635805741682799,0.019690856805436575,0.03851189988172215,0.019690856805436575,0.03388870422804353,0.015067661151757965,0.9999999999999987
NumPy density matrix,Accelerated-response,60,1.0,1.0,0.5258643204917444,0.24634528106290074,0.13259119450567947,0.020447542514655633,0.03988516163016673,0.1283864391029571,0.06876619031970575,0.024034521677857166,0.03988516163016673,0.024034521677857166,0.03410501391461571,0.018254373962306163,0.9999999999999981
NumPy density matrix,Accelerated-response,61,1.0,1.0,0.5392934339929559,0.25465454391431336,0.13728218000701214,0.02095104345345737,0.04121598418099269,0.13246218215065642,0.07394429769883576,0.028836923181664715,0.04121598418099269,0.028836923181664715,0.03415011278155179,0.021771051782223844,0.9999999999999982
NumPy density matrix,Accelerated-response,62,1.0,1.0,0.5526198492089035,0.2629636453933838,0.14182177893777131,0.021468967917888385,0.04248880069223524,0.1363724938745287,0.07908532010083245,0.03407117911864268,0.04248880069223524,0.03407117911864268,0.03402409133424122,0.02560646976064865,0.9999999999999978
NumPy density matrix,Accelerated-response,63,1.0,1.0,0.5658308755404778,0.2712656708546031,0.14617509705407583,0.022000824099450672,0.04368796506920342,0.1401291630120559,0.08416377466653302,0.03970186822594938,0.04368796506920342,0.03970186822594938,0.03373252394581296,0.029746427102558898,0.999999999999998
NumPy density matrix,Accelerated-response,64,1.0,1.0,0.5789140135614015,0.27955376811232885,0.15030884360284272,0.022546021172804583,0.044798214841500344,0.14374880087504494,0.08915872554026312,0.04568574438468254,0.044798214841500344,0.04568574438468254,0.03328642906363075,0.03417395860681295,0.999999999999998
NumPy density matrix,Accelerated-response,65,1.0,1.0,0.5918569709389886,0.2878211463668094,0.15419230314073443,0.02310387245256765,0.04580515809516676,0.14725234973574422,0.09405405428991372,0.051972630791714595,0.04580515809516676,0.051972630791714595,0.03270192520927882,0.03886939790582666,0.9999999999999977
NumPy density matrix,Accelerated-response,66,1.0,1.0,0.6046476774685428,0.29606107699027845,0.15779827863552126,0.023673601189303048,0.04669576007773312,0.15066445248107818,0.09883854699685524,0.05850646612074714,0.04669576007773312,0.05850646612074714,0.031999589902435004,0.043810295945449024,0.9999999999999974
NumPy density matrix,Accelerated-response,67,1.0,1.0,0.6172742990925383,0.3042668961227504,0.1611039600788785,0.024254348961130746,0.04745880291762391,0.154012706231671,0.10350580663418876,0.06522647415244134,0.04745880291762391,0.06522647415244134,0.03120355348767451,0.048971224722491956,0.9999999999999974
NumPy density matrix,Accelerated-response,68,1.0,1.0,0.6297252507973239,0.3124320089887526,0.16409167450863069,0.024845186501907462,0.048085291746450445,0.15732682896465852,0.10805400711040133,0.07206842872476973,0.048085291746450445,0.07206842872476973,0.03034038312435372,0.05432352010267302,0.9999999999999976
NumPy density matrix,Accelerated-response,69,1.0,1.0,0.641989208306036,0.3205498958126985,0.16674947812213253,0.025445126695252795,0.04856878257457019,0.16063777289233822,0.11248551168652211,0.07896598674934646,0.04856878257457019,0.07896598674934646,0.029437831134766983,0.059835035309543226,0.9999999999999976
NumPy density matrix,Accelerated-response,70,1.0,1.0,0.654055118515655,0.3286141191826454,0.16907155881706257,0.026053139362646246,0.04890561149503181,0.16397682097657387,0.11680638303194525,0.08585206309333836,0.04890561149503181,0.08585206309333836,0.02852353411327599,0.06546998571158257,0.9999999999999977
NumPy density matrix,Accelerated-response,71,1.0,1.0,0.6659122086574705,0.3366183326903471,0.17105842749124436,0.026668167389582133,0.049095010871297376,0.16737470322953354,0.12102581478005213,0.09266022205079429,0.049095010871297376,0.09266022205079429,0.027623753077246502,0.07118896425674338,0.9999999999999977
NumPy density matrix,Accelerated-response,72,1.0,1.0,0.6775499941923608,0.34455629065995513,0.1727168879975356,0.027289143671450588,0.049139105562790386,0.17086076731628078,0.12515551506429817,0.0993260607400219,0.049139105562790386,0.0993260607400219,0.026762239942263795,0.0769491951194953,0.9999999999999976
NumPy density matrix,Accelerated-response,73,1.0,1.0,0.6889582854838543,0.3524218587683542,0.17405978784750947,0.027915008324040223,0.049042790254563845,0.17446223362053226,0.12920907130787262,0.10578856000512141,0.049042790254563845,0.10578856000512141,0.025959302346600956,0.08270507209715854,0.9999999999999974
NumPy density matrix,Accelerated-response,74,1.0,1.0,0.700127193321552,0.3602090253565802,0.17510556358860818,0.02854472559420377,0.048813496800480645,0.1782035587637975,0.133201322793824,0.11199137832918586,0.048813496800480645,0.11199137832918586,0.025231119032285594,0.08840900056099084,0.9999999999999976
NumPy density matrix,Accelerated-response,75,1.0,1.0,0.7110471333939854,0.36791191323340927,0.17587760528951174,0.02917729992429919,0.048460867405540314,0.18210592415029847,0.13714776364528736,0.11788406404358125,0.048460867405540314,0.11788406404358125,0.024589334128489983,0.09401253076653089,0.9999999999999973
NumPy density matrix,Accelerated-response,76,1.0,1.0,0.7217088298322794,0.37552479177830705,0.17640347295385547,0.029811790667685866,0.04799635482872889,0.18618685811464575,0.14106399423558386,0.12342316097113147,0.04799635482872889,0.12342316097113147,0.024040933713148985,0.09946773985555153,0.9999999999999973
NumPy density matrix,Accelerated-response,77,1.0,1.0,0.7321033179632175,0.3830420891605951,0.17671400337483276,0.030447325018334664,0.047432774151958956,0.19045999236460184,0.14496523416506535,0.12857318283176394,0.047432774151958956,0.12857318283176394,0.02358838485183066,0.10472879353163565,0.9999999999999974
NumPy density matrix,Accelerated-response,78,1.0,1.0,0.7422219464220396,0.3904584045040182,0.176842348663163,0.031083108800678463,0.04678383185043038,0.19493494626683622,0.14886590518191614,0.1333074325210149,0.04678383185043038,0.1333074325210149,0.02322999837073114,0.1097535990413156,0.9999999999999977
NumPy density matrix,Accelerated-response,79,1.0,1.0,0.7520563787811596,0.3977685198400775,0.17682298745370675,0.03171843486044154,0.04606365698704273,0.19961732662446213,0.15277928810678607,0.1376086439569113,0.04606365698704273,0.1376086439569113,0.022960463577334184,0.11450545054720271,0.9999999999999974
NumPy density matrix,Accelerated-response,80,1.0,1.0,0.7615985948510499,0.40496741170867984,0.17669074692898243,0.03235268889717015,0.04528635663443735,0.20450882627767378,0.1567172541677801,0.1414694267230076,0.04528635663443735,0.1414694267230076,0.022771496722448714,0.11895456681101893,0.9999999999999977
NumPy density matrix,Accelerated-response,81,1.0,1.0,0.7708408918041627,0.412050262280252,0.17647986882482408,0.032985352678455995,0.044465613563189975,0.20960740227216113,0.160690068281435,0.14489249727413703,0.044465613563189975,0.14489249727413703,0.022652544995157425,0.12307942870610444,0.9999999999999976
NumPy density matrix,Accelerated-response,82,1.0,1.0,0.7797758852623289,0.4190124698888993,0.17622314618625012,0.03361600466889469,0.04361433937178725,0.2149075134528295,0.16470625974921452,0.14789068498630914,0.04361433937178725,0.14789068498630914,0.022591493278838054,0.12686783889335995,0.9999999999999979
NumPy density matrix,Accelerated-response,83,1.0,1.0,0.7883965104734546,0.4258496588810959,0.17595115056164062,0.03424431818913709,0.042744391130527415,0.22040039796930702,0.1687725545208675,0.1504867067076089,0.042744391130527415,0.1504867067076089,0.022575330277289255,0.1303176458543707,0.9999999999999978
NumPy density matrix,Accelerated-response,84,1.0,1.0,0.7966960236852143,0.4325576886984925,0.1756915622754543,0.034870057288758735,0.04186635476508202,0.22607437303183794,0.17289386249230082,0.1527127095149421,0.04186635476508202,0.1527127095149421,0.022590742230333954,0.13343709698019404,0.9999999999999976
NumPy density matrix,Accelerated-response,85,1.0,1.0,0.8046680038028073,0.4391326621265657,0.17546861002016756,0.03549307056931766,0.04098939420493287,0.23191514197788368,0.177073313110957,0.15460958785957915,0.04098939420493287,0.15460958785957915,0.0226246146183989,0.13624480827304522,0.9999999999999977
NumPy density matrix,Accelerated-response,86,0.95,1.0,0.811931055788258,0.4455709326530022,0.17530067483043513,0.03611327990367838,0.040121154262957315,0.23790609309478156,0.18131233126699467,0.15622608797146365,0.040121154262957315,0.15622608797146365,0.022664428309321572,0.13876936201782794,0.9999999999999977
NumPy density matrix,Accelerated-response,87,0.9,1.0,0.8185257240634627,0.45186911089081516,0.17520204091320568,0.03673067132262646,0.03926772751630588,0.2440285907374816,0.1856107485487488,0.15761771882490336,0.03926772751630588,0.15761771882490336,0.02269856325106896,0.14104855455966647,0.9999999999999978
NumPy density matrix,Accelerated-response,88,0.85,1.0,0.8244922616829834,0.4580240699976339,0.17518265880752332,0.03734528473688624,0.03843366809114167,0.25026224844207035,0.18996694412050413,0.1588454950351657,0.03843366809114167,0.1588454950351657,0.02271651136037376,0.14312833830439775,0.9999999999999978
NumPy density matrix,Accelerated-response,89,0.8,1.0,0.8298702906682911,0.4640329500677967,0.17524800636930776,0.03795720279022948,0.03762204416448925,0.25658518219949306,0.19437800983705247,0.15997454244567164,0.03762204416448925,0.15997454244567164,0.02270901169508233,0.14506150997626469,0.9999999999999977
NumPy density matrix,Accelerated-response,90,0.75,1.0,0.8346984995881259,0.4698931614833087,0.1753990418567696,0.038566539132302825,0.036834521345474054,0.2629742444321429,0.19883993447349285,0.16107260165358472,0.036834521345474054,0.16107260165358472,0.02266812316774499,0.14690620347585562,0.9999999999999974
NumPy density matrix,Accelerated-response,91,0.7,1.0,0.8306242321625885,0.4756023872184803,0.17563224443383418,0.03917342638872355,0.0360714699609697,0.269405241020584,0.2033478020981581,0.1622084681256303,0.0360714699609697,0.1622084681256303,0.02258725017514425,0.14872424833980483,0.9999999999999977
NumPy density matrix,Accelerated-response,92,0.65,1.0,0.8261013942039509,0.481158584101293,0.1758913704698199,0.03977794607686098,0.035331931533479854,0.2758526580554347,0.2078959737536926,0.16345041012430658,0.035331931533479854,0.16345041012430658,0.02246097306139456,0.1505794516522213,0.9999999999999976
NumPy density matrix,Accelerated-response,93,0.6,1.0,0.8211749371662895,0.48655998304230497,0.1761655755862372,0.04038017160806629,0.03461391695621675,0.28229035569128447,0.21247829700416876,0.1648646057454635,0.03461391695621675,0.1648646057454635,0.022285192120633925,0.15253588090988074,0.9999999999999976
NumPy density matrix,Accelerated-response,94,0.55,1.0,0.8158861601861296,0.49180508780874854,0.17644022463636072,0.04098015713497122,0.033914557328570676,0.28869176484768044,0.2170883156709496,0.16651364025466903,0.033914557328570676,0.16651364025466903,0.022057084885064103,0.15465616781116248,0.9999999999999978
NumPy density matrix,Accelerated-response,95,0.5,1.0,0.8102727710208751,0.4968926728019624,0.17669730710232096,0.0415779271203619,0.03323026292498141,0.2950300848914188,0.2217194745671236,0.16845510317932577,0.03323026292498141,0.16845510317932577,0.02177505585025068,0.1569998961045951,0.9999999999999979
NumPy density matrix,Accelerated-response,96,0.44999999999999996,1.0,0.8043689690408036,0.5018217798808698,0.17691593912602396,0.04217346687156818,0.03255688867220853,0.3012784858235159,0.22636531395025278,0.17074032164769085,0.03255688867220853,0.17074032164769085,0.021438681238098053,0.15962211421358036,0.9999999999999978
NumPy density matrix,Accelerated-response,97,0.4,1.0,0.7982055467631354,0.5065917142808767,0.17707294794068382,0.04276671427547353,0.03188990478071873,0.307410317511717,0.23101964844308306,0.17341326237166457,0.03188990478071873,0.17341326237166457,0.021048648910898256,0.16257200650184409,0.9999999999999981
NumPy density matrix,Accelerated-response,98,0.35,1.0,0.7918100068022835,0.5112020396837152,0.17714353181128445,0.04335755295730992,0.031224571070104075,0.3133993273589445,0.23567672535972709,0.1765096295921081,0.031224571070104075,0.1765096295921081,0.02060669173644864,0.1658917502584527,0.999999999999998
NumPy density matrix,Accelerated-response,99,0.30000000000000004,1.0,0.7852066914861235,0.5156525724991218,0.17710198496884735,0.04394580706913064,0.030556113079820403,0.3192198865524632,0.24033135774672199,0.18005618042032956,0.030556113079820403,0.18005618042032956,0.020115511663835673,0.1696155790043448,0.999999999999998
NumPy density matrix,Accelerated-response,100,0.25,1.0,0.778416922749468,0.5199433754237033,0.17692247268560155,0.044531237889008674,0.029879897338540885,0.3248472237662797,0.244979028016669,0.18407027251981659,0.029879897338540885,0.18407027251981659,0.019578691525999024,0.17376906670727468,0.999999999999998
NumPy density matrix,Accelerated-response,101,0.19999999999999996,1.0,0.7714591502592312,0.5240747503456714,0.17657983696812485,0.045113542377676126,0.02919160228672761,0.3302576639564313,0.2496159588144789,0.18855965219956292,0.02919160228672761,0.18855965219956292,0.01900059209170391,0.1783686420045392,0.9999999999999982
NumPy density matrix,Accelerated-response,102,0.15000000000000002,1.0,0.7643491060480849,0.528047230666106,0.17605040882930298,0.045692353794254514,0.028487380443880574,0.3354288687601303,0.2542391486953161,0.19352248396650942,0.028487380443880574,0.19352248396650942,0.018386233033216574,0.1834213365558455,0.9999999999999982
NumPy density matrix,Accelerated-response,103,0.09999999999999998,1.0,0.7570999642324525,0.5318615731078685,0.17531279928403012,0.046267244416649624,0.027764006636598993,0.34034007404820626,0.2588463712779443,0.19894761564423108,0.027764006636598993,0.19894761564423108,0.017741158085260795,0.18892476709289288,0.9999999999999981
NumPy density matrix,Accelerated-response,104,0.050000000000000044,1.0,0.749722504664786,0.535518749082106,0.17434863864738923,0.046837730346030296,0.02701900660892164,0.3449723194452279,0.2634361377242465,0.20481506653630208,0.02701900660892164,0.20481506653630208,0.017071286527472765,0.19486734645485324,0.9999999999999982
NumPy density matrix,Accelerated-response,105,0.0,1.0,0.7422252796181383,0.5390199356793909,0.17314323288351205,0.047403278300813714,0.026250760257244612,0.34930866417461304,0.26800762363317826,0.21109672000890492,0.026250760257244612,0.21109672000890492,0.016382754979876162,0.20122871473153642,0.9999999999999981
NumPy density matrix,Accelerated-response,106,0.0,1.0,0.7348030268219568,0.54236650634798,0.17168749312444287,0.04796331559110431,0.02545857780546135,0.3533343853291695,0.2725605637854119,0.21775719647847935,0.02545857780546135,0.21775719647847935,0.015681757502969174,0.20798037617598716,0.9999999999999982
NumPy density matrix,Accelerated-response,107,0.0,1.0,0.7274549965537377,0.5455600213156113,0.16997687064184064,0.04851724017514597,0.024642736805193105,0.35703714818671917,0.27709511700682926,0.2247548782878657,0.024642736805193105,0.2247548782878657,0.014974385630299226,0.21508652711297177,0.9999999999999984
NumPy density matrix,Accelerated-response,108,0.0,1.0,0.7201804465882,0.5486022178205545,0.16801158108907888,0.04906443195873053,0.02380448120327311,0.3604071463457569,0.28161170567852345,0.23204305443163553,0.02380448120327311,0.23204305443163553,0.014266478172630829,0.22250505140099328,0.9999999999999982
NumPy density matrix,Accelerated-response,109,0.0,1.0,0.7129786421223183,0.5514950001900274,0.16579665856870632,0.04960426495115856,0.022945981627111145,0.3634372075615697,0.2861108353175361,0.23957115064530013,0.022945981627111145,0.23957115064530013,0.013563487777146955,0.23018865679533596,0.9999999999999983
NumPy density matrix,Accelerated-response,110,0.0,1.0,0.7058488557010951,0.5542404297951792,0.1633418360322612,0.050136119847679815,0.02207025826966555,0.3661228622518797,0.2905929003506073,0.2472860090433755,0.02207025826966555,0.2472860090433755,0.01287037027011632,0.2380861210438263,0.9999999999999984
NumPy density matrix,Accelerated-response,111,0.0,1.0,0.6987903671440839,0.5568407149031388,0.1606612579080931,0.05065939658523971,0.021181070045380012,0.3684623729139542,0.2950579826808214,0.25513318127582957,0.021181070045380012,0.25513318127582957,0.012191501239370555,0.24614361246982003,0.9999999999999984
NumPy density matrix,Accelerated-response,112,0.0,1.0,0.691802463472643,0.5592982004387911,0.15777304002026357,0.051173526418436394,0.0202827758053597,0.3704567240639989,0.29950564989612694,0.2630582000304903,0.0202827758053597,0.2630582000304903,0.01153062231167918,0.25430604653680977,0.9999999999999984
NumPy density matrix,Accelerated-response,113,0.0,1.0,0.6848844388379173,0.5616153576624652,0.15469870002785432,0.05167798308665367,0.019380175123348727,0.37210957367802916,0.30393475999438074,0.2710077955660502,0.019380175123348727,0.2710077955660502,0.010890817392429336,0.26251843783513096,0.9999999999999984
NumPy density matrix,Accelerated-response,114,0.0,1.0,0.678035594449538,0.5637947737651609,0.15146248809676863,0.05217229269017952,0.01847833731405878,0.37342716838634454,0.3083432793175797,0.2789310267142493,0.01847833731405878,0.2789310267142493,0.01027451702098446,0.270727206421175,0.9999999999999982
NumPy density matrix,Accelerated-response,115,0.0,1.0,0.6712552385050428,0.5658391413807039,0.14809065181015604,0.05265604195966655,0.01758242780878299,0.3744182257674141,0.3127281200217376,0.2867802993178983,0.01758242780878299,0.2867802993178983,0.009683527192279046,0.2788813987013944,0.9999999999999983
NumPy density matrix,Accelerated-response,116,0.0,1.0,0.6645426861199922,0.5677512480144928,0.14461067115507686,0.05312888468483742,0.016697540757897655,0.37509378793689413,0.3170850028856641,0.29451224923699426,0.016697540757897655,0.29451224923699426,0.00911907768408634,0.2869337861631829,0.9999999999999984
NumPy density matrix,Accelerated-response,117,0.0,1.0,0.6578972592587915,0.5695339653914326,0.14105049877130976,0.05359054615908895,0.015828545806966774,0.3754670511941662,0.32140835060938755,0.30208847171405423,0.015828545806966774,0.30208847171405423,0.008581884210414161,0.2948418101175017,0.9999999999999984
NumPy density matrix,Accelerated-response,118,0.0,1.0,0.6513182866662044,0.5711902387310789,0.1374378377332162,0.0540408255902636,0.014979955526495049,0.3755531767601173,0.32569121599622897,0.3094760838951518,0.014979955526495049,0.3094760838951518,0.008072218607378686,0.30256834697603546,0.9999999999999986
NumPy density matrix,Accelerated-response,119,0.0,1.0,0.6448051037995425,0.5727230759656514,0.13379948437504102,0.054479596518134214,0.014155818140435485,0.3753690876300211,0.3299252485723123,0.31664811250932867,0.014155818140435485,0.31664811250932867,0.007589981681524809,0.31008227605041794,0.9999999999999984
NumPy density matrix,Accelerated-response,120,0.0,1.0,0.6383570527615468,0.5741355369260102,0.1301607576150876,0.054906805360549885,0.013359638195728002,0.37493325631095226,0.33410070228923755,0.32358370397413433,0.013359638195728002,0.32358370397413433,0.007134774185087502,0.31735883996349384,0.9999999999999987
