engine,scenario,minute,thermal_load_input,degradation_input,thermal_load_high,primary_cooling_degraded,backup_reserve_stressed,power_constraint,process_thermal_risk,alarm_interpreted,authorization_ready,intervention_executed,physical_risk_probability_exact,decision_response_probability_exact,uncontained_risk_probability_exact,contained_or_avoided_probability_exact,measurement_shots,physical_risk_probability_sampled,decision_response_probability_sampled,uncontained_risk_probability_sampled,contained_or_avoided_probability_sampled,trace
Qiskit DensityMatrix,Sensor-only,0,0.0,0.0,0.02,0.014999999999999987,0.010109156412564758,0.010018907681419447,0.0050442851939771,0.004999999999999999,0.002000000000000001,0.0010000000000000005,0.0050442851939771,0.0010000000000000005,0.005039240908783123,0.0009949557148060235,8192,0.0042724609375,0.0009765625,0.0042724609375,0.0009765625,1.0000000000000004
Qiskit DensityMatrix,Sensor-only,1,0.0,0.0,0.02,0.015000000000000003,0.01023356054975935,0.010039654519013586,0.0050972457014548875,0.005000000000000001,0.002000000000000002,0.0010000000000000009,0.0050972457014548875,0.0010000000000000009,0.005092148455753434,0.0009949027542985455,8192,0.0052490234375,0.000732421875,0.0052490234375,0.000732421875,1.0000000000000004
Qiskit DensityMatrix,Sensor-only,2,0.0,0.0,0.020000000000000018,0.015000000000000012,0.010373044995350673,0.01006228872293016,0.005159008197654794,0.005000000000000001,0.002000000000000002,0.001,0.005159008197654794,0.001,0.0051538491894571395,0.0009948409918023454,8192,0.0052490234375,0.00048828125,0.0052490234375,0.00048828125,1.0000000000000007
Qiskit DensityMatrix,Sensor-only,3,0.0,0.0,0.020000000000000014,0.014999999999999996,0.010527421321654136,0.010086860585511831,0.00522970516477429,0.005000000000000003,0.0020000000000000018,0.001,0.00522970516477429,0.001,0.005224475459609516,0.0009947702948352264,8192,0.005859375,0.0,0.005859375,0.0,1.0000000000000004
Qiskit DensityMatrix,Sensor-only,4,0.0,0.0,0.02000000000000003,0.01499999999999999,0.010696480425871995,0.01011342230380935,0.005309474261280584,0.005,0.002,0.001,0.005309474261280584,0.001,0.005304164787019303,0.000994690525738719,8192,0.005859375,0.0003662109375,0.005859375,0.0003662109375,1.0000000000000002
Qiskit DensityMatrix,Sensor-only,5,0.0,0.0,0.020000000000000028,0.014999999999999989,0.010879992901635912,0.010142027793534382,0.005398457636909907,0.005000000000000003,0.002000000000000002,0.0010000000000000007,0.005398457636909907,0.0010000000000000007,0.005393059179272999,0.0009946015423630899,8192,0.006103515625,0.000732421875,0.006103515625,0.000732421875,1.0000000000000002
Qiskit DensityMatrix,Sensor-only,6,0.0,0.0,0.020000000000000014,0.015,0.011077709444913026,0.010172732495013213,0.005496801195248663,0.005000000000000003,0.002000000000000001,0.001,0.005496801195248663,0.001,0.005491304394053415,0.0009945031988047512,8192,0.0069580078125,0.0009765625,0.0069580078125,0.0009765625,1.0000000000000004
Qiskit DensityMatrix,Sensor-only,7,0.0,0.0,0.020000000000000035,0.014999999999999996,0.01128936129335969,0.010205593171728485,0.005604653806045464,0.005,0.0020000000000000026,0.001000000000000001,0.005604653806045464,0.001000000000000001,0.005599049152239416,0.0009943953461939554,8192,0.0052490234375,0.0009765625,0.0052490234375,0.0009765625,1.0000000000000002
Qiskit DensityMatrix,Sensor-only,8,0.0,0.0,0.02000000000000005,0.015000000000000006,0.011514660698135587,0.010240667702060264,0.005722166469675396,0.004999999999999996,0.0020000000000000005,0.0009999999999999992,0.005722166469675396,0.0009999999999999992,0.005716444303205725,0.0009942778335303244,8192,0.0047607421875,0.0010986328125,0.0047607421875,0.0010986328125,1.0000000000000002
Qiskit DensityMatrix,Sensor-only,9,0.08333333333333333,0.0,0.020349292213022518,0.015000000000000005,0.011754709098368201,0.010278018276201324,0.005849497628131284,0.0049999999999999975,0.0020000000000000013,0.0009999999999999998,0.005849497628131284,0.0009999999999999998,0.005843648130503154,0.0009941505023718683,8192,0.0054931640625,0.0013427734375,0.0054931640625,0.0013427734375,1.0000000000000002
Qiskit DensityMatrix,Sensor-only,10,0.16666666666666666,0.0,0.02105583609191522,0.014999999999999994,0.012010816810962064,0.010317712129586537,0.005986814680761792,0.0049999999999999975,0.0020000000000000018,0.0009999999999999998,0.005986814680761792,0.0009999999999999998,0.005980827866081027,0.0009940131853192378,8192,0.006103515625,0.0009765625,0.006103515625,0.0009765625,0.9999999999999998
Qiskit DensityMatrix,Sensor-only,11,0.25,0.0,0.02213638623350293,0.015000000000000003,0.012284525863762812,0.010359822378620235,0.006134295795316019,0.004999999999999999,0.0020000000000000035,0.0009999999999999998,0.006134295795316019,0.0009999999999999998,0.006128161499520703,0.000993865704204684,8192,0.005615234375,0.0008544921875,0.005615234375,0.0008544921875,1.0
Qiskit DensityMatrix,Sensor-only,12,0.3333333333333333,0.0,0.023616420489607087,0.015000000000000019,0.012577636235972517,0.010404428971895138,0.006292132059735721,0.0050000000000000044,0.001999999999999999,0.0010000000000000002,0.006292132059735721,0.0010000000000000002,0.006285839927675986,0.0009937078679402643,8192,0.0054931640625,0.000732421875,0.0054931640625,0.000732421875,1.0
Qiskit DensityMatrix,Sensor-only,13,0.4166666666666667,0.0,0.025530027106793543,0.015000000000000017,0.01289223511553144,0.01045161976903827,0.00646053002031764,0.005000000000000001,0.0020000000000000005,0.0010000000000000002,0.00646053002031764,0.0010000000000000002,0.00645406949029732,0.0009935394699796822,8192,0.00634765625,0.0010986328125,0.00634765625,0.0010986328125,1.0
Qiskit DensityMatrix,Sensor-only,14,0.5,0.0,0.027919745326724612,0.015000000000000013,0.013230728723907874,0.010501491757849988,0.006639714651040388,0.005,0.0020000000000000026,0.0009999999999999994,0.006639714651040388,0.0009999999999999994,0.006633074936389348,0.0009933602853489593,8192,0.005859375,0.0010986328125,0.005859375,0.0010986328125,1.0
Qiskit DensityMatrix,Sensor-only,15,0.5833333333333334,0.0,0.03083635205329011,0.015000000000000022,0.013595876193318559,0.01055415241849646,0.006829932796888807,0.004999999999999991,0.0020000000000000013,0.001000000000000001,0.006829932796888807,0.001000000000000001,0.0068231028640919214,0.0009931700672031122,8192,0.008056640625,0.0009765625,0.008056640625,0.0009765625,0.9999999999999997
Qiskit DensityMatrix,Sensor-only,16,0.6666666666666666,0.05,0.03433858543683266,0.015152317880187375,0.013992132402385697,0.010609724742028847,0.007031464210252813,0.005000000000000004,0.0020000000000000018,0.0009999999999999994,0.007031464210252813,0.0009999999999999994,0.007024432746042559,0.0009929685357897469,8192,0.007080078125,0.0008544921875,0.007080078125,0.0008544921875,1.0000000000000002
Qiskit DensityMatrix,Sensor-only,17,0.75,0.1,0.03849279456580625,0.015457860118602982,0.014424546041689695,0.01066834964938828,0.0072446281283051256,0.004999999999999997,0.0020000000000000026,0.001,0.0072446281283051256,0.001,0.007237383500176822,0.000992755371871695,8192,0.0068359375,0.0006103515625,0.0068359375,0.0006103515625,0.9999999999999999
Qiskit DensityMatrix,Sensor-only,18,0.8333333333333334,0.15,0.04337250292365858,0.015919853570192707,0.014898802018537724,0.010730188609722295,0.007469790612348859,0.005000000000000003,0.0020000000000000018,0.0009999999999999992,0.007469790612348859,0.0009999999999999992,0.007462320821736508,0.0009925302093876506,8192,0.0067138671875,0.0008544921875,0.0067138671875,0.0008544921875,1.0
Qiskit DensityMatrix,Sensor-only,19,0.9166666666666666,0.2,0.04905787190167958,0.01654383713157343,0.015421265435748783,0.010795426457107871,0.007707372679637129,0.0050000000000000044,0.0020000000000000005,0.001,0.007707372679637129,0.001,0.007699665306957489,0.0009922926273203635,8192,0.0081787109375,0.0006103515625,0.0081787109375,0.0006103515625,1.0
Qiskit DensityMatrix,Sensor-only,20,1.0,0.25,0.05563504950227426,0.017337648096035187,0.015999026243939306,0.01086427440025445,0.00795785924867933,0.004999999999999999,0.0020000000000000018,0.0009999999999999998,0.00795785924867933,0.0009999999999999998,0.007949901389430646,0.0009920421407513206,8192,0.009033203125,0.0008544921875,0.009033203125,0.0008544921875,1.0000000000000002
Qiskit DensityMatrix,Sensor-only,21,1.0,0.3,0.06259734043485332,0.018311402850546433,0.016637217602931933,0.01093696519883603,0.00822179107316517,0.0049999999999999975,0.0020000000000000013,0.001000000000000001,0.00822179107316517,0.001000000000000001,0.008213569282092006,0.0009917782089268346,8192,0.008056640625,0.0015869140625,0.008056640625,0.0015869140625,1.0000000000000002
Qiskit DensityMatrix,Sensor-only,22,1.0,0.35,0.0699374390524958,0.019477471434873606,0.01734123451867323,0.011013754361331955,0.008499769272737668,0.0049999999999999975,0.0020000000000000005,0.0009999999999999996,0.008499769272737668,0.0009999999999999996,0.00849126950346493,0.0009915002307272621,8192,0.008544921875,0.0006103515625,0.008544921875,0.0006103515625,1.0000000000000002
Qiskit DensityMatrix,Sensor-only,23,1.0,0.4,0.07764764552252326,0.020850445353712548,0.0181167387532253,0.011094921325927163,0.008792459987005776,0.004999999999999999,0.001999999999999999,0.0009999999999999996,0.008792459987005776,0.0009999999999999996,0.008783667527018769,0.0009912075400129942,8192,0.0096435546875,0.0013427734375,0.0096435546875,0.0013427734375,1.0
Qiskit DensityMatrix,Sensor-only,24,1.0,0.45,0.08571987425965277,0.022447097906613304,0.018969665130300097,0.01118077062103321,0.00910059914637643,0.005,0.0020000000000000035,0.001,0.00910059914637643,0.001,0.00909149854723006,0.0009908994008536241,8192,0.010009765625,0.0013427734375,0.010009765625,0.0013427734375,1.0000000000000002
Qiskit DensityMatrix,Sensor-only,25,1.0,0.5,0.09414566277785996,0.024286336178409626,0.019906229121159028,0.01127163300152169,0.009424997352075314,0.0052791571425896255,0.002000000000000002,0.0010000000000000002,0.009424997352075314,0.0010000000000000002,0.009415572354723243,0.0009905750026479255,8192,0.00830078125,0.00048828125,0.00830078125,0.00048828125,1.0
Qiskit DensityMatrix,Sensor-only,26,1.0,0.55,0.10291618095069023,0.026388058953310436,0.020932527610407037,0.011367843560475469,0.009766541913070054,0.0056922009450441485,0.002000000000000001,0.001,0.009766541913070054,0.001,0.009756775371156986,0.0009902334580869302,8192,0.00927734375,0.0015869140625,0.00927734375,0.0015869140625,1.0000000000000004
Qiskit DensityMatrix,Sensor-only,27,1.0,0.6,0.11202224872294027,0.028772716954886493,0.022054406003708928,0.011469736447092345,0.010126197313555345,0.006251158907831376,0.002000000000000001,0.0009999999999999992,0.010126197313555345,0.0009999999999999992,0.010116071116241798,0.000989873802686445,8192,0.00927734375,0.000732421875,0.00927734375,0.000732421875,1.0000000000000007
Qiskit DensityMatrix,Sensor-only,28,1.0,0.65,0.12145435453277721,0.03146211630409239,0.02327776982032499,0.011577663310448506,0.010505007337127968,0.006968563700978944,0.002000000000000002,0.0009999999999999998,0.010505007337127968,0.0009999999999999998,0.010494502329790836,0.0009894949926628719,8192,0.010498046875,0.000732421875,0.010498046875,0.000732421875,1.0000000000000002
Qiskit DensityMatrix,Sensor-only,29,1.0,0.7,0.13120266644849837,0.03447933099717513,0.024608563037372466,0.011691992065128602,0.010904096693132638,0.007857390608169671,0.001999999999999999,0.0010000000000000005,0.010904096693132638,0.0010000000000000005,0.010893192596439498,0.0009890959033068685,8192,0.0107421875,0.0009765625,0.0107421875,0.0009765625,1.0000000000000002
Qiskit DensityMatrix,Sensor-only,30,1.0,0.75,0.14125704363379454,0.03784860198133274,0.026052746510917234,0.011813105436281439,0.011324672088887126,0.008930990313603532,0.002000000000000003,0.0009999999999999987,0.011324672088887126,0.0009999999999999987,0.011313347416798238,0.0009886753279111122,8192,0.0108642578125,0.0015869140625,0.0108642578125,0.0015869140625,1.0
Qiskit DensityMatrix,Sensor-only,31,1.0,0.8,0.15160704812553757,0.04159522167072345,0.02761627650813295,0.011941399301233908,0.011768022693775044,0.010203017630114096,0.002000000000000001,0.0010000000000000007,0.011768022693775044,0.0010000000000000007,0.011756254671081264,0.0009882319773062249,8192,0.0113525390625,0.0009765625,0.0113525390625,0.0009765625,1.0000000000000002
Qiskit DensityMatrix,Sensor-only,32,1.0,0.85,0.1622419569077884,0.04574540272543049,0.029305083382074368,0.012077280850086863,0.012235519944408793,0.011687356878749186,0.0020000000000000018,0.0009999999999999998,0.012235519944408793,0.0009999999999999998,0.012223284424464386,0.000987764480055591,8192,0.013916015625,0.0009765625,0.013916015625,0.0009765625,1.0
Qiskit DensityMatrix,Sensor-only,33,1.0,0.9,0.1731507742654084,0.050326129912852444,0.031125050418074587,0.012221166593060254,0.012728616644293693,0.013398044726786525,0.002000000000000002,0.0009999999999999985,0.012728616644293693,0.0009999999999999985,0.012715888027649397,0.0009872713833557058,8192,0.0133056640625,0.0018310546875,0.0133056640625,0.0018310546875,1.0000000000000002
Qiskit DensityMatrix,Sensor-only,34,1.0,0.95,0.18432224440035597,0.05536499388693074,0.0330819928784192,0.012373480247648306,0.013248845316738391,0.015349191367953135,0.0020000000000000018,0.0009999999999999987,0.013248845316738391,0.0009999999999999987,0.013235596471421652,0.0009867511546832611,8192,0.013916015625,0.0008544921875,0.0137939453125,0.000732421875,1.0000000000000004
Qiskit DensityMatrix,Sensor-only,35,1.0,1.0,0.19574486429346025,0.060890005757966124,0.03518163726977735,0.012534650543774674,0.013797815776218202,0.01755490098054161,0.002000000000000002,0.0010000000000000002,0.013797815776218202,0.0010000000000000002,0.013784017960441992,0.0009862021842237812,8192,0.0142822265625,0.0010986328125,0.0142822265625,0.0010986328125,1.0000000000000004
Qiskit DensityMatrix,Sensor-only,36,1.0,1.0,0.20740689679419863,0.066634446581534,0.03742708947755579,0.012705101911624333,0.01437719199685367,0.020024818297609517,0.0019999999999999996,0.0009999999999999996,0.01437719199685367,0.0009999999999999996,0.014362814804856811,0.0009856228080031464,8192,0.01318359375,0.0008544921875,0.01318359375,0.0008544921875,1.0000000000000004
Qiskit DensityMatrix,Sensor-only,37,1.0,1.0,0.21929638392072376,0.07258902939584073,0.039821061194312675,0.01288525175869413,0.014988684954698418,0.022767014217034826,0.002,0.001,0.014988684954698418,0.001,0.014973696269743715,0.000985011315045301,8192,0.0164794921875,0.00048828125,0.0164794921875,0.00048828125,1.0000000000000002
Qiskit DensityMatrix,Sensor-only,38,1.0,1.0,0.23140116035298436,0.07874429139100593,0.04236584930587215,0.01307550793565763,0.015634044806046417,0.025787844799087335,0.0020000000000000005,0.001,0.015634044806046417,0.001,0.015618410761240367,0.0009843659551939533,8192,0.015625,0.00048828125,0.015625,0.00048828125,1.0
Qiskit DensityMatrix,Sensor-only,39,1.0,1.0,0.24370886710124337,0.0850906160522191,0.045063317127977724,0.013276266441095615,0.016315052454721514,0.02909183264664972,0.0020000000000000005,0.0009999999999999992,0.016315052454721514,0.0009999999999999992,0.016298737402266804,0.0009836849475452782,8192,0.018798828125,0.0020751953125,0.018798828125,0.0020751953125,0.9999999999999998
Qiskit DensityMatrix,Sensor-only,40,1.0,1.0,0.2562069653322048,0.09161825481475792,0.04791487761831736,0.013487909411794747,0.017033510569945894,0.03268157308291575,0.002,0.0009999999999999994,0.017033510569945894,0.0009999999999999994,0.01701647705937595,0.0009829664894300536,8192,0.0177001953125,0.0009765625,0.0177001953125,0.0009765625,0.9999999999999999
Qiskit DensityMatrix,Sensor-only,41,1.0,1.0,0.26888275033491843,0.09831734818154257,0.05092147868733569,0.013710803440990113,0.01779123412464435,0.03655766708191951,0.0019999999999999996,0.0009999999999999998,0.01779123412464435,0.0009999999999999998,0.0177734428905197,0.0009822087658753551,8192,0.018310546875,0.0009765625,0.0181884765625,0.0008544921875,0.9999999999999997
Qiskit DensityMatrix,Sensor-only,42,1.0,1.0,0.281723365608584,0.10517794625930887,0.05408359072840233,0.013945298261664194,0.018590040531801834,0.040718682384974385,0.002000000000000001,0.0009999999999999994,0.018590040531801834,0.0009999999999999994,0.018571450491270028,0.0009814099594681977,8192,0.016845703125,0.0015869140625,0.016845703125,0.0015869140625,0.9999999999999997
Qiskit DensityMatrix,Sensor-only,43,1.0,1.0,0.2947158170543897,0.11219002867479728,0.057401196483506764,0.014191725825881284,0.019431739463623938,0.04516114366353755,0.0020000000000000018,0.0010000000000000005,0.019431739463623938,0.0010000000000000005,0.0194123077241603,0.000980568260536376,8192,0.0186767578125,0.0010986328125,0.0186767578125,0.0010986328125,0.9999999999999997
Qiskit DensityMatrix,Sensor-only,44,1.0,1.0,0.30784698725352105,0.11934352383752507,0.06087378335461033,0.014450399804210458,0.020318122444627537,0.04987955198083455,0.0020000000000000005,0.000999999999999999,0.020318122444627537,0.000999999999999999,0.0202978043221829,0.0009796818775553724,8192,0.020263671875,0.0010986328125,0.02001953125,0.0008544921875,0.9999999999999994
Qiskit DensityMatrix,Sensor-only,45,1.0,1.0,0.3211036498135327,0.12662832752073777,0.06450033826302834,0.01472161552167631,0.021250952315291574,0.05486643317719525,0.0020000000000000005,0.0009999999999999985,0.021250952315291574,0.0009999999999999985,0.021229701362976274,0.0009787490476847074,8192,0.021240234375,0.0006103515625,0.0211181640625,0.00048828125,0.9999999999999998
Qiskit DensityMatrix,Sensor-only,46,1.0,1.0,0.3344724837653494,0.1340343207369813,0.06827934514968746,0.015005650338491446,0.022231952667408822,0.060112414175106585,0.0019999999999999983,0.0009999999999999996,0.022231952667408822,0.0009999999999999996,0.02220972071474141,0.0009777680473325907,8192,0.0201416015625,0.000732421875,0.0201416015625,0.000732421875,0.9999999999999994
Qiskit DensityMatrix,Sensor-only,47,1.0,1.0,0.3479400879932382,0.14155138688940036,0.07220878519778591,0.015302764475202657,0.02326279735569685,0.06560632558781969,0.0020000000000000005,0.0009999999999999985,0.02326279735569685,0.0009999999999999985,0.023239534558341154,0.0009767372026443018,8192,0.025146484375,0.0008544921875,0.025146484375,0.0008544921875,0.9999999999999997
Qiskit DensityMatrix,Sensor-only,48,1.0,1.0,0.36149299568022925,0.14916942818432752,0.07628613984626992,0.015613202272974627,0.024345100192454294,0.07133532843832499,0.002,0.0009999999999999994,0.024345100192454294,0.0009999999999999994,0.02432075509226185,0.0009756548998075448,8192,0.0260009765625,0.0015869140625,0.02587890625,0.00146484375,0.9999999999999997
Qiskit DensityMatrix,Sensor-only,49,1.0,1.0,0.37511768875158846,0.15687838129497922,0.08050839664766243,0.0159371938707004,0.02548040493301001,0.07728506227141888,0.002,0.0009999999999999992,0.02548040493301001,0.0009999999999999992,0.02545492452807701,0.0009745195950669891,8192,0.026611328125,0.0008544921875,0.026611328125,0.0008544921875,0.9999999999999997
Qiskit DensityMatrix,Sensor-only,50,1.0,1.0,0.3888006122991198,0.16466823227011348,0.08487205800718414,0.016274957271637937,0.026670175659343074,0.08343981148695763,0.0019999999999999983,0.0009999999999999996,0.026670175659343074,0.0009999999999999996,0.02664350548368373,0.0009733298243406565,8192,0.026123046875,0.0009765625,0.026123046875,0.0009765625,0.9999999999999997
Qiskit DensityMatrix,Sensor-only,51,1.0,1.0,0.4025281889692383,0.17252903068533365,0.08937315282186989,0.016626700763504327,0.027915787667509587,0.08978268635186659,0.001999999999999998,0.0009999999999999994,0.027915787667509587,0.0009999999999999994,0.027887871879842072,0.0009720842123324898,8192,0.02783203125,0.001708984375,0.0277099609375,0.0015869140625,0.9999999999999996
Qiskit DensityMatrix,Sensor-only,52,1.0,1.0,0.4162868332979789,0.18045090303831984,0.09400725101862423,0.016992625647591977,0.029218518961368647,0.0962958148742415,0.0019999999999999996,0.000999999999999998,0.029218518961368647,0.000999999999999998,0.029189300442407272,0.0009707814810386305,8192,0.030029296875,0.000732421875,0.030029296875,0.000732421875,0.9999999999999994
Qiskit DensityMatrix,Sensor-only,53,1.0,1.0,0.43006296597632454,0.18842406539267784,0.09876948096898244,0.01737292922468569,0.030579542450555067,0.10296054155410819,0.001999999999999997,0.000999999999999998,0.030579542450555067,0.000999999999999998,0.030548962908104514,0.0009694204575494436,8192,0.027587890625,0.000732421875,0.027587890625,0.000732421875,0.9999999999999994
Qiskit DensityMatrix,Sensor-only,54,1.0,1.0,0.4438430280294691,0.19643883527826891,0.10365454973593372,0.01776780797852883,0.03199991894471639,0.10975762896794009,0.001999999999999999,0.000999999999999999,0.03199991894471639,0.000999999999999999,0.031967919025771646,0.0009680000810552826,8192,0.0301513671875,0.0006103515625,0.0301513671875,0.0006103515625,0.9999999999999994
Qiskit DensityMatrix,Sensor-only,55,1.0,1.0,0.45761349489391634,0.20448564285887583,0.10865676608468089,0.018177460891478918,0.033480591028757736,0.11666745819995869,0.001999999999999998,0.0009999999999999985,0.033480591028757736,0.0009999999999999985,0.03344711043772897,0.0009665194089712405,8192,0.0345458984375,0.001953125,0.034423828125,0.0018310546875,0.9999999999999992
Qiskit DensityMatrix,Sensor-only,56,1.0,1.0,0.47136089037657514,0.21255504138082573,0.11377006616487939,0.018602092821963054,0.035022377895284736,0.12367022430084829,0.0019999999999999974,0.000999999999999998,0.035022377895284736,0.000999999999999998,0.03498735551738945,0.0009649776221047144,8192,0.0341796875,0.0013427734375,0.0341796875,0.0013427734375,0.9999999999999993
Qiskit DensityMatrix,Sensor-only,57,1.0,1.0,0.48507180048033094,0.2206377169187839,0.11898804174693425,0.019041917869529378,0.03662597120068489,0.13074612322821183,0.002,0.0009999999999999983,0.03662597120068489,0.0009999999999999983,0.036589345229484205,0.0009633740287993135,8192,0.0379638671875,0.0008544921875,0.0379638671875,0.0008544921875,0.9999999999999989
Qiskit DensityMatrix,Sensor-only,58,1.0,1.0,0.49873288708088104,0.22872449743731066,0.12430397086961038,0.019497162650814588,0.03829193200045275,0.13787552709356554,0.0019999999999999983,0.0009999999999999998,0.03829193200045275,0.0009999999999999998,0.03825364006845228,0.0009617080679995462,8192,0.0389404296875,0.001220703125,0.038818359375,0.0010986328125,0.999999999999999
Qiskit DensityMatrix,Sensor-only,59,1.0,1.0,0.5123309014399534,0.23680636118897927,0.12971085073078123,0.01996806940870467,0.04002068880756945,0.14503914499517145,0.0019999999999999966,0.000999999999999998,0.04002068880756945,0.000999999999999998,0.03998066811876189,0.0009599793111924293,8192,0.037841796875,0.000732421875,0.0377197265625,0.0006103515625,0.9999999999999988
Qiskit DensityMatrix,Sensor-only,60,1.0,1.0,0.5258526975403994,0.24487444447185133,0.13520143262791948,0.02045489887743047,0.041812536805137385,0.1522181672387566,0.0019999999999999983,0.0009999999999999994,0.041812536805137385,0.0009999999999999994,0.04177072426833224,0.0009581874631948604,8192,0.0411376953125,0.000732421875,0.0411376953125,0.000732421875,0.9999999999999989
Qiskit DensityMatrix,Sensor-only,61,1.0,1.0,0.5392852452289907,0.2529200487709382,0.1407682587302222,0.020957932828355157,0.043667638231213564,0.1593943913209783,0.001999999999999996,0.000999999999999998,0.043667638231213564,0.000999999999999998,0.04362397059298234,0.0009563323617687845,8192,0.0439453125,0.0006103515625,0.0439453125,0.0006103515625,0.999999999999999
Qiskit DensityMatrix,Sensor-only,62,1.0,1.0,0.5526156431531573,0.26093464730988136,0.14640370044037562,0.02147747622479153,0.04558602394005397,0.166550328653307,0.0019999999999999966,0.000999999999999999,0.04558602394005397,0.000999999999999999,0.04554043791611393,0.0009544139760599441,8192,0.045654296875,0.0010986328125,0.045654296875,0.0010986328125,0.999999999999999
Qiskit DensityMatrix,Sensor-only,63,1.0,1.0,0.5658311314782996,0.268909891040545,0.15209999808128233,0.02201385891931617,0.0475675961299653,0.17366929161579994,0.0019999999999999966,0.000999999999999998,0.0475675961299653,0.000999999999999998,0.04752002853383534,0.0009524324038700326,8192,0.0479736328125,0.001220703125,0.0479736328125,0.001220703125,0.999999999999999
Qiskit DensityMatrix,Sensor-only,64,1.0,1.0,0.5789191043727069,0.27683761409941,0.15784930162186137,0.02256743683367799,0.04961213221385842,0.18073546112966868,0.0019999999999999957,0.0009999999999999979,0.04961213221385842,0.0009999999999999979,0.04956252008164456,0.0009503878677861394,8192,0.0504150390625,0.0008544921875,0.0501708984375,0.0006103515625,0.9999999999999988
Qiskit DensityMatrix,Sensor-only,65,1.0,1.0,0.5918671222475669,0.2847098387607125,0.16364371213672893,0.023138592569445435,0.051719289794611385,0.1877339355039039,0.001999999999999996,0.0009999999999999976,0.051719289794611385,0.0009999999999999976,0.05166757050481677,0.0009482807102053861,8192,0.0545654296875,0.000244140625,0.054443359375,0.0001220703125,0.9999999999999988
Qiskit DensityMatrix,Sensor-only,66,1.0,1.0,0.6046629237399549,0.2925187799170397,0.16947532367744533,0.023727735406893168,0.05388861269368059,0.19465076182513041,0.0019999999999999957,0.0009999999999999979,0.05388861269368059,0.0009999999999999979,0.05383472408098692,0.0009461113873063169,8192,0.0528564453125,0.0008544921875,0.0528564453125,0.0008544921875,0.9999999999999983
Qiskit DensityMatrix,Sensor-only,67,1.0,1.0,0.6172944374272142,0.30025684911869127,0.17533626521843332,0.024335300660144506,0.056119537968250775,0.20147295160410286,0.001999999999999997,0.000999999999999999,0.056119537968250775,0.000999999999999999,0.05606341843028252,0.000943880462031747,8192,0.05615234375,0.000732421875,0.05615234375,0.000732421875,0.9999999999999986
Qiskit DensityMatrix,Sensor-only,68,1.0,1.0,0.6297497932615229,0.30791665820342984,0.1812187423289916,0.02496174836809772,0.05841140383978387,0.20818848275243745,0.001999999999999997,0.0009999999999999972,0.05841140383978387,0.0009999999999999972,0.0583529924359441,0.0009415885961602137,8192,0.0548095703125,0.0015869140625,0.0548095703125,0.0015869140625,0.9999999999999986
Qiskit DensityMatrix,Sensor-only,69,1.0,1.0,0.6420173337139933,0.3154910225483397,0.1871150782142967,0.02560756131296691,0.06076345844529902,0.21478629022828116,0.0019999999999999953,0.0009999999999999966,0.06076345844529902,0.0009999999999999966,0.060702694986853704,0.0009392365415546985,8192,0.0609130859375,0.001220703125,0.0609130859375,0.001220703125,0.9999999999999981
Qiskit DensityMatrix,Sensor-only,70,1.0,1.0,0.6540856246181181,0.3229729639752935,0.19301775376323058,0.026273242371149887,0.06317486931226723,0.22125624785246137,0.0019999999999999944,0.0009999999999999987,0.06317486931226723,0.0009999999999999987,0.06311169444295496,0.0009368251306877303,8192,0.0689697265625,0.00048828125,0.0689697265625,0.00048828125,0.999999999999998
Qiskit DensityMatrix,Sensor-only,71,1.0,1.0,0.665943465702867,0.3303557133411077,0.19891944623954877,0.026959311214351446,0.06564473344879196,0.22758914385417464,0.0019999999999999944,0.000999999999999997,0.06564473344879196,0.000999999999999997,0.06557908871534318,0.0009343552665512054,8192,0.0684814453125,0.0010986328125,0.0684814453125,0.0010986328125,0.9999999999999979
Qiskit DensityMatrix,Sensor-only,72,1.0,1.0,0.6775799008062912,0.3376327128426649,0.2048130662554955,0.027666300392194337,0.06817208793291278,0.23377665265854977,0.001999999999999994,0.0009999999999999979,0.06817208793291278,0.0009999999999999979,0.06810391584497985,0.0009318279120670843,8192,0.071533203125,0.0009765625,0.0714111328125,0.0008544921875,0.9999999999999977
Qiskit DensityMatrix,Sensor-only,73,1.0,1.0,0.6889842277609812,0.34479761806628223,0.2106917926737074,0.02839475084067722,0.07075592087852976,0.23981130528276576,0.0019999999999999957,0.0009999999999999955,0.07075592087852976,0.0009999999999999955,0.07068516495765122,0.0009292440791214674,8192,0.0762939453125,0.00146484375,0.0760498046875,0.001220703125,0.9999999999999977
Qiskit DensityMatrix,Sensor-only,74,1.0,1.0,0.7001460079432937,0.35184429980920556,0.21654910509421502,0.029145206873523927,0.07339518265070115,0.2456864604719379,0.0019999999999999957,0.0009999999999999963,0.07339518265070115,0.0009999999999999963,0.07332178746805045,0.0009266048173492959,8192,0.074951171875,0.0010986328125,0.0748291015625,0.0009765625,0.9999999999999974
Qiskit DensityMatrix,Sensor-only,75,1.0,1.0,0.7110550754787804,0.3587668456995034,0.22237881359866155,0.029918210725450044,0.0760887971999767,0.25139627839338996,0.0022224378106953614,0.0009999999999999976,0.0760887971999767,0.0009999999999999976,0.0760127084027767,0.0009239112028000203,8192,0.0771484375,0.0010986328125,0.0770263671875,0.0009765625,0.9999999999999976
Qiskit DensityMatrix,Sensor-only,76,1.0,1.0,0.7217015460968238,0.3655595616386376,0.2281750854435141,0.030714296727389217,0.07883567338405215,0.2569354618794249,0.002490644439222758,0.0009999999999999974,0.07883567338405215,0.0009999999999999974,0.07875683771066812,0.0009211643266159444,8192,0.07666015625,0.0010986328125,0.07666015625,0.0010986328125,0.9999999999999974
Qiskit DensityMatrix,Sensor-only,77,1.0,1.0,0.732075825628045,0.3722169839028056,0.2339324781388244,0.03153398563819034,0.08163471627176747,0.2622991941875737,0.002805479039202876,0.0009999999999999961,0.08163471627176747,0.0009999999999999961,0.08155308155549568,0.0009183652837282295,8192,0.0870361328125,0.0008544921875,0.0867919921875,0.0006103515625,0.9999999999999977
Qiskit DensityMatrix,Sensor-only,78,1.0,1.0,0.7421686180852239,0.37873389058754575,0.23964596946986813,0.03237777880003959,0.08448483831834831,0.26748335371190474,0.003167578756517308,0.0009999999999999961,0.08448483831834831,0.0009999999999999961,0.08440035348002997,0.0009155151616816482,8192,0.08154296875,0.00146484375,0.0814208984375,0.0013427734375,0.9999999999999973
Qiskit DensityMatrix,Sensor-only,79,1.0,1.0,0.7519709333283698,0.3851053017932095,0.2453109742320536,0.033246151788427034,0.08738497016947731,0.27248451028484694,0.003577355726959095,0.0009999999999999968,0.08738497016947731,0.0009999999999999968,0.08729758519930783,0.0009126150298305192,8192,0.087646484375,0.0009765625,0.08740234375,0.000732421875,0.9999999999999972
Qiskit DensityMatrix,Sensor-only,80,1.0,1.0,0.7614740943657671,0.39132647959150807,0.2509233566724362,0.034139548082357765,0.09033407096871995,0.2772999291590487,0.004034996488386654,0.000999999999999996,0.09033407096871995,0.000999999999999996,0.09024373689775117,0.000909665929031276,8192,0.0921630859375,0.000732421875,0.0921630859375,0.000732421875,0.999999999999997
Qiskit DensityMatrix,Sensor-only,81,1.0,1.0,0.7706697442879259,0.3973929277940339,0.2564794384687662,0.035058372869092795,0.09333113804899512,0.28192758213548325,0.004540463813577931,0.0009999999999999953,0.09333113804899512,0.0009999999999999953,0.09323780691094609,0.0009066688619510013,8192,0.0958251953125,0.0008544921875,0.0958251953125,0.0008544921875,0.999999999999997
Qiskit DensityMatrix,Sensor-only,82,1.0,1.0,0.7795498528318648,0.4033003915404864,0.26197600212362143,0.03600298709876192,0.09637521589642836,0.28636616488276206,0.005093500934952847,0.000999999999999996,0.09637521589642836,0.000999999999999996,0.09627884068053195,0.0009036247841035678,8192,0.0928955078125,0.00048828125,0.0928955078125,0.00048828125,0.999999999999997
Qiskit DensityMatrix,Sensor-only,83,1.0,1.0,0.7881067225735869,0.409044856720883,0.26741028970091224,0.036973701902995884,0.09946540428394851,0.29061511912761745,0.005693638097618717,0.0009999999999999957,0.09946540428394851,0.0009999999999999957,0.09936593887966459,0.0009005345957160472,8192,0.1009521484375,0.0009765625,0.1009521484375,0.0009765625,0.9999999999999969
Qiskit DensityMatrix,Sensor-only,84,1.0,1.0,0.7963329947470402,0.4146225492424188,0.2727799968843874,0.037970773488262034,0.10260086548223735,0.29467465810104626,0.006340201343510373,0.000999999999999997,0.10260086548223735,0.000999999999999997,0.10249826461675506,0.0008973991345177586,8192,0.103515625,0.0013427734375,0.103515625,0.0013427734375,0.9999999999999964
Qiskit DensityMatrix,Sensor-only,85,1.0,1.0,0.8042216546883161,0.4200299341478529,0.27808326239205755,0.03899439860886973,0.1057808304669527,0.29854579340866844,0.007032323397453185,0.0009999999999999944,0.1057808304669527,0.0009999999999999944,0.10567504963648573,0.000894219169533042,8192,0.110107421875,0.0009765625,0.1097412109375,0.0006103515625,0.9999999999999964
Qiskit DensityMatrix,Sensor-only,86,0.95,1.0,0.8113954258687043,0.42526371458841755,0.2833160621674182,0.04004470477794103,0.10900458683551156,0.3022303801081553,0.007768956552593057,0.000999999999999995,0.10900458683551156,0.000999999999999995,0.10889558224867614,0.000890995413164484,8192,0.1175537109375,0.0015869140625,0.1173095703125,0.0013427734375,0.9999999999999962
Qiskit DensityMatrix,Sensor-only,87,0.9,1.0,0.8178954031160096,0.4303208306503828,0.28847470792990104,0.04112174701439211,0.11227148073831333,0.30573115738943474,0.008548887373216667,0.0009999999999999955,0.11227148073831333,0.0009999999999999955,0.11215920925757504,0.0008877285192616821,8192,0.1099853515625,0.000732421875,0.1097412109375,0.00048828125,0.9999999999999962
Qiskit DensityMatrix,Sensor-only,88,0.85,1.0,0.8237624880804085,0.43519845796866796,0.29355581643545786,0.04222550548362933,0.11558091731687901,0.3090517834685717,0.009370753016603556,0.0009999999999999953,0.11558091731687901,0.0009999999999999953,0.11546533639956219,0.0008844190826831168,8192,0.1180419921875,0.001953125,0.117919921875,0.0018310546875,0.999999999999996
Qiskit DensityMatrix,Sensor-only,89,0.8,1.0,0.8290370458561335,0.4398940061188088,0.29855627769785464,0.04335588408577801,0.11893235966559755,0.31219686246772355,0.010233058954038596,0.0009999999999999948,0.11893235966559755,0.0009999999999999948,0.11881342730593202,0.0008810676403343972,8192,0.116943359375,0.001220703125,0.1165771484375,0.0008544921875,0.999999999999996
Qiskit DensityMatrix,Sensor-only,90,0.75,1.0,0.8337585985609864,0.4444051167768879,0.30347322255435455,0.04451271002754572,0.1223253263534626,0.31517196131164504,0.011134197853772409,0.0009999999999999946,0.1223253263534626,0.0009999999999999946,0.12220300102710913,0.0008776746736465327,8192,0.1231689453125,0.0006103515625,0.123046875,0.00048828125,0.9999999999999956
Qiskit DensityMatrix,Sensor-only,91,0.7,1.0,0.8295858981408354,0.44872966163551775,0.30830398994953934,0.04569573439558196,0.12575938756051216,0.317983614993607,0.01207246937591333,0.000999999999999996,0.12575938756051216,0.000999999999999996,0.1256336281729516,0.0008742406124394825,8192,0.1246337890625,0.0010986328125,0.1246337890625,0.0010986328125,0.9999999999999952
Qiskit DensityMatrix,Sensor-only,92,0.65,1.0,0.8249649076013882,0.4528657400627674,0.3130058118146802,0.04690459225746428,0.12923409212351358,0.3206385694713524,0.013046099510512483,0.0009999999999999944,0.12923409212351358,0.0009999999999999944,0.12910485803139013,0.000870765907876481,8192,0.1282958984375,0.000732421875,0.1282958984375,0.000732421875,0.9999999999999953
Qiskit DensityMatrix,Sensor-only,93,0.6,1.0,0.8199416442335462,0.4568116764899419,0.31757743652003695,0.048138849072023225,0.13274901838723074,0.32314465305276163,0.014053261726981738,0.0009999999999999942,0.13274901838723074,0.0009999999999999942,0.13261626936884344,0.0008672509816127636,8192,0.1290283203125,0.0009765625,0.1290283203125,0.0009765625,0.9999999999999952
Qiskit DensityMatrix,Sensor-only,94,0.55,1.0,0.8145585216801097,0.46056601701295175,0.32201778776248674,0.04939800492549603,0.13630376588350585,0.3255107590180489,0.015092098397672896,0.0009999999999999966,0.13630376588350585,0.0009999999999999966,0.13616746211762232,0.0008636962341164887,8192,0.141845703125,0.0006103515625,0.1414794921875,0.000244140625,0.9999999999999951
Qiskit DensityMatrix,Sensor-only,95,0.5,1.0,0.8088544072529793,0.46412752563993226,0.32632571558362194,0.050681499567078195,0.13989781698162473,0.3277468112881807,0.016160742241730447,0.0010131879767240708,0.13989781698162473,0.0010131879767240708,0.1397550175544105,0.0008703885495098324,8192,0.1397705078125,0.0008544921875,0.1396484375,0.000732421875,0.9999999999999951
Qiskit DensityMatrix,Sensor-only,96,0.44999999999999996,1.0,0.8028647023193782,0.46749518018085084,0.33050030815847914,0.0519887172965334,0.14353072521092058,0.3298637139753924,0.01725727270856379,0.0010312964083975982,0.14353072521092058,0.0010312964083975982,0.14338015084755362,0.0008807220450307315,8192,0.1429443359375,0.0013427734375,0.1427001953125,0.0010986328125,0.999999999999995
Qiskit DensityMatrix,Sensor-only,97,0.4,1.0,0.7966214423009935,0.4706681677413284,0.3345407279053798,0.05331899382138635,0.14720202614491326,0.3318732849727161,0.01837973946473224,0.0010547312252742452,0.14720202614491326,0.0010547312252742452,0.1470422328935989,0.0008949379739598298,8192,0.149169921875,0.0009765625,0.1488037109375,0.0006103515625,0.9999999999999947
Qiskit DensityMatrix,Sensor-only,98,0.35,1.0,0.7901534131435142,0.4736458798527178,0.33844618753563754,0.05467162309273508,0.15091122585357117,0.33378817484367973,0.01952624823936967,0.001083899404593584,0.15091122585357117,0.001083899404593584,0.1507405985476131,0.000913272098635467,8192,0.1597900390625,0.0010986328125,0.1595458984375,0.0008544921875,0.9999999999999949
Qiskit DensityMatrix,Sensor-only,99,0.30000000000000004,1.0,0.7834862814721176,0.47642790722262934,0.3422159295856384,0.056045864541649386,0.1546577890880683,0.335621771094563,0.020694981278117683,0.0011192077372736637,0.1546577890880683,0.0011192077372736637,0.1544745355255305,0.0009359541747357518,8192,0.1573486328125,0.000732421875,0.1572265625,0.0006103515625,0.9999999999999946
Qiskit DensityMatrix,Sensor-only,100,0.25,1.0,0.7766427359597573,0.47901403413219223,0.34584920948592623,0.05744095059860178,0.15844112735144603,0.337388090102743,0.02188421652630072,0.001161061706228323,0.15844112735144603,0.001161061706228323,0.15824327324878934,0.0009632076035717862,8192,0.1610107421875,0.001220703125,0.1607666015625,0.0009765625,0.9999999999999947
Qiskit DensityMatrix,Sensor-only,101,0.19999999999999996,1.0,0.7696426377405418,0.4814042324870393,0.34934528217821,0.05885609437414953,0.16226058700599938,0.33910165840547923,0.02309234535730625,0.0012098644878173156,0.16226058700599938,0.0012098644878173156,0.1620459717752311,0.000995249257048984,8192,0.1611328125,0.00146484375,0.160888671875,0.001220703125,0.9999999999999949
Qiskit DensityMatrix,Sensor-only,102,0.15000000000000002,1.0,0.7625031779895578,0.48359865553190357,0.3527033922659258,0.06029049737751119,0.1661154375642601,0.3407773851822352,0.024317888689342777,0.001266016085973012,0.1661154375642601,0.001266016085973012,0.16588171095552126,0.0010322894772341659,8192,0.1671142578125,0.0009765625,0.166748046875,0.0006103515625,0.9999999999999947
Qiskit DensityMatrix,Sensor-only,103,0.09999999999999998,1.0,0.7552390410613561,0.4855976312418593,0.3559227676595752,0.0617433571501527,0.17000486030522294,0.34243042783684347,0.025559511361579513,0.0013299126065297992,0.17000486030522294,0.0013299126065297992,0.16974947994844225,0.001074532249749117,8192,0.168212890625,0.001220703125,0.1680908203125,0.0010986328125,0.9999999999999946
Qiskit DensityMatrix,Sensor-only,104,0.050000000000000044,1.0,0.7478625718309572,0.48740165540657404,0.3590026166541709,0.06321387469398107,0.17392793735116427,0.3440760526084001,0.026816034668431306,0.001401945677247178,0.17392793735116427,0.001401945677247178,0.17364816722146958,0.0011221755475524843,8192,0.17041015625,0.0009765625,0.1700439453125,0.0006103515625,0.9999999999999944
Qiskit DensityMatrix,Sensor-only,105,0.0,1.0,0.7403839461126476,0.48901138442749137,0.3619421283525426,0.064701261578177,0.17788364133308598,0.34572949211847287,0.02808644697781693,0.0014825020169971731,0.17788364133308598,0.0014825020169971731,0.17757655115521115,0.0011754118391223945,8192,0.1798095703125,0.001708984375,0.1795654296875,0.00146484375,0.9999999999999944
Qiskit DensityMatrix,Sensor-only,106,0.0,1.0,0.7329801066515207,0.49042762785152505,0.3647433163538501,0.06620475120700946,0.18187085144650306,0.34740575603073304,0.029369912130095113,0.0015719631551011782,0.18187085144650306,0.0015719631551011782,0.18153331699431802,0.00123442870291618,8192,0.176513671875,0.00048828125,0.1763916015625,0.0003662109375,0.9999999999999942
Qiskit DensityMatrix,Sensor-only,107,0.0,1.0,0.7256503055850058,0.49165134066857485,0.3674082467865095,0.06772360490429935,0.1858883464077199,0.3491194849618722,0.03066577580336645,0.001670705300129558,0.1858883464077199,0.001670705300129558,0.18551705072280716,0.0012994096152167418,8192,0.19775390625,0.0018310546875,0.197509765625,0.0015869140625,0.9999999999999943
Qiskit DensityMatrix,Sensor-only,108,0.0,1.0,0.718393802529156,0.4926836154448841,0.3699390135554447,0.06925711739281731,0.18993479798948937,0.35088480751931944,0.03197356984873521,0.0017790993556424212,0.18993479798948937,0.0017790993556424212,0.18952623350033632,0.0013705348664894395,8192,0.190673828125,0.0023193359375,0.1903076171875,0.001953125,0.9999999999999944
Qiskit DensityMatrix,Sensor-only,109,0.0,1.0,0.7112098645038643,0.49352567432310224,0.3723377159165297,0.07080462159425222,0.19400876518171645,0.3527152019767851,0.033293014619481386,0.0018975110786257803,0.19400876518171645,0.0018975110786257803,0.19355923669557698,0.0014479825924863137,8192,0.1951904296875,0.0020751953125,0.1947021484375,0.0015869140625,0.9999999999999942
Qiskit DensityMatrix,Sensor-only,110,0.0,1.0,0.7040977658588262,0.4941788609233217,0.37460643851087994,0.07236549268673849,0.1981086890165681,0.35462336397888905,0.0346240193359236,0.002026301374774482,0.1981086890165681,0.002026301374774482,0.19761431754695558,0.001531929905161947,8192,0.1995849609375,0.0018310546875,0.19921875,0.00146484375,0.999999999999994
Qiskit DensityMatrix,Sensor-only,111,0.0,1.0,0.6970567882002373,0.4946446321826673,0.376747233956025,0.07393915136909987,0.20223288809118664,0.3566210815498945,0.03596668054310022,0.002165826723298826,0.20223288809118664,0.002165826723298826,0.20168961547544112,0.0016225541075533152,8192,0.2030029296875,0.0023193359375,0.2022705078125,0.0015869140625,0.999999999999994
Qiskit DensityMatrix,Sensor-only,112,0.0,1.0,0.6900862203182347,0.49492455017420445,0.37876210805489424,0.07552506629373126,0.20637955481527934,0.3587191185736353,0.03732127873141999,0.0023164397225887,0.20637955481527934,0.0023164397225887,0.20578314906880057,0.001720033976109943,8192,0.2069091796875,0.0028076171875,0.2060546875,0.001953125,0.9999999999999939
Qiskit DensityMatrix,Sensor-only,113,0.0,1.0,0.6831853581150528,0.4950202739489283,0.3806530076475445,0.0771227556431963,0.21054675240522128,0.36092710781535514,0.03868827320137639,0.0024784897468584145,0.21054675240522128,0.0024784897468584145,0.20989281375188387,0.0018245510935209778,8192,0.2142333984375,0.0023193359375,0.2132568359375,0.0013427734375,0.9999999999999939
Qiskit DensityMatrix,Sensor-only,114,0.0,1.0,0.676353504533902,0.49493355144728757,0.38242181109508827,0.07873178783893942,0.2147324126410207,0.3632534544728527,0.04006829526259063,0.0026523237028158,0.2147324126410207,0.0026523237028158,0.21401638015305505,0.0019362912148501428,8192,0.213134765625,0.002685546875,0.21240234375,0.001953125,0.9999999999999939
Qiskit DensityMatrix,Sensor-only,115,0.0,1.0,0.6695899694885634,0.4946662115290772,0.3840703213509354,0.08035178138379301,0.21893433439760687,0.36570525117379754,0.041462139865213486,0.0028382868744486083,0.21893433439760687,0.0028382868744486083,0.218151493172893,0.002055445649734886,8192,0.2164306640625,0.001953125,0.2161865234375,0.001708984375,0.9999999999999939
Qiskit DensityMatrix,Sensor-only,116,0.0,1.0,0.6628940697936773,0.49422015617247267,0.3856002615416411,0.08198240385298942,0.22315018295741965,0.36828820527637085,0.042870755768436894,0.0030367238431971547,0.22315018295741965,0.0030367238431971547,0.22229567175773376,0.00218221264351132,8192,0.2230224609375,0.0023193359375,0.2225341796875,0.0018310546875,0.9999999999999939
Qiskit DensityMatrix,Sensor-only,117,0.0,1.0,0.6562651290957412,0.49359735289445805,0.3870132729488508,0.08362337006097055,0.2273774901072327,0.37100657927813163,0.04429523435692458,0.003247979470082544,0.2273774901072327,0.003247979470082544,0.22644630937752372,0.0023167987403735543,8192,0.231689453125,0.003662109375,0.2305908203125,0.0025634765625,0.9999999999999937
Qiskit DensityMatrix,Sensor-only,118,0.0,1.0,0.649702477804783,0.492799827445835,0.388310915255449,0.08527443944324077,0.23161365501851117,0.3738631450884426,0.04573679722169376,0.003472399925783499,0.23161365501851117,0.003472399925783499,0.23060067520477925,0.002459420112051501,8192,0.23095703125,0.00341796875,0.22998046875,0.00244140625,0.9999999999999939
Qiskit DensityMatrix,Sensor-only,119,0.0,1.0,0.6432054530267356,0.4918296568343655,0.3894946688933948,0.08693541270365468,0.2358559459073971,0.3768591528674503,0.04719678262765777,0.003710333754202105,0.2358559459073971,0.003710333754202105,0.23475591598918208,0.0026103038359870765,8192,0.2342529296875,0.0037841796875,0.233154296875,0.002685546875,0.9999999999999936
Qiskit DensityMatrix,Sensor-only,120,0.0,1.0,0.6367733984964682,0.49068896272933044,0.3905659393082246,0.08860612778772509,0.2401015024675704,0.3799943150733537,0.04867663099588066,0.003962132954731432,0.2401015024675704,0.003962132954731432,0.23890905862044137,0.0027696891076024774,8192,0.240478515625,0.0050048828125,0.239501953125,0.0040283203125,0.9999999999999937
Qiskit DensityMatrix,Accelerated-response,0,0.0,0.0,0.020000000000000028,0.014999999999999993,0.010106831190328753,0.010018907681419453,0.005042660820438493,0.005000000000000005,0.002000000000000001,0.0010000000000000005,0.005042660820438493,0.0010000000000000005,0.005037618159618054,0.0009949573391795613,8192,0.0040283203125,0.000732421875,0.0040283203125,0.000732421875,1.0000000000000004
Qiskit DensityMatrix,Accelerated-response,1,0.0,0.0,0.019999999999999993,0.015000000000000015,0.010228868705892482,0.010039649776672778,0.0050939655705886525,0.004999999999999999,0.002,0.0010000000000000002,0.0050939655705886525,0.0010000000000000002,0.005088871605018064,0.000994906034429411,8192,0.0059814453125,0.0013427734375,0.0059814453125,0.0013427734375,1.0000000000000004
Qiskit DensityMatrix,Accelerated-response,2,0.0,0.0,0.02000000000000002,0.015000000000000005,0.01036594006960739,0.01006227367396434,0.005154034148561762,0.004999999999999999,0.001999999999999999,0.0010000000000000013,0.005154034148561762,0.0010000000000000013,0.005148880114413202,0.000994845965851439,8192,0.0059814453125,0.0008544921875,0.0059814453125,0.0008544921875,1.0000000000000004
Qiskit DensityMatrix,Accelerated-response,3,0.0,0.0,0.019999999999999993,0.015000000000000012,0.010517851919230208,0.010086828826016985,0.0052229921470444305,0.005000000000000003,0.0020000000000000026,0.0010000000000000002,0.0052229921470444305,0.0010000000000000002,0.005217769154897385,0.000994777007852956,8192,0.0057373046875,0.0015869140625,0.0057373046875,0.0015869140625,1.0
Qiskit DensityMatrix,Accelerated-response,4,0.0,0.0,0.020000000000000004,0.015000000000000003,0.010684390357667543,0.010113366572089956,0.005300970222842764,0.005000000000000003,0.0019999999999999996,0.0010000000000000015,0.005300970222842764,0.0010000000000000015,0.005295669252619919,0.000994699029777158,8192,0.006103515625,0.0010986328125,0.006103515625,0.0010986328125,1.0000000000000004
Qiskit DensityMatrix,Accelerated-response,5,0.0,0.0,0.020000000000000014,0.014999999999999993,0.010865321338116653,0.010141939951588609,0.005388103413445474,0.0050000000000000044,0.001999999999999998,0.0010000000000000015,0.005388103413445474,0.0010000000000000015,0.0053827153100320276,0.0009946118965865555,8192,0.005126953125,0.000732421875,0.005126953125,0.000732421875,1.0000000000000002
Qiskit DensityMatrix,Accelerated-response,6,0.0,0.0,0.02,0.015000000000000006,0.011060391083161793,0.010172603509833539,0.005484530402573867,0.0050000000000000044,0.002000000000000002,0.0010000000000000009,0.005484530402573867,0.0010000000000000009,0.005479045872171293,0.0009945154695974266,8192,0.0054931640625,0.0009765625,0.0054931640625,0.0009765625,1.0000000000000002
Qiskit DensityMatrix,Accelerated-response,7,0.0,0.0,0.02000000000000002,0.015000000000000001,0.01126932653687715,0.010205413096582292,0.005590392736952589,0.005000000000000006,0.0020000000000000013,0.0010000000000000002,0.005590392736952589,0.0010000000000000002,0.005584802344215633,0.000994409607263047,8192,0.004638671875,0.0008544921875,0.004638671875,0.0008544921875,1.0000000000000002
Qiskit DensityMatrix,Accelerated-response,8,0.0,0.0,0.02000000000000002,0.015000000000000019,0.011491835848916714,0.010240425657920129,0.005705833996798752,0.005000000000000002,0.002000000000000001,0.001,0.005705833996798752,0.001,0.005700128162801952,0.0009942941660032012,8192,0.0054931640625,0.0009765625,0.0054931640625,0.0009765625,1.0
Qiskit DensityMatrix,Accelerated-response,9,0.08333333333333333,0.0,0.020349292962552702,0.01500000000000001,0.011729015088355893,0.01027770243062896,0.005831005100572189,0.005000000000000001,0.0019999999999999983,0.0010000000000000024,0.005831005100572189,0.0010000000000000024,0.0058251740954716165,0.000994168994899429,8192,0.0045166015625,0.001220703125,0.0045166015625,0.001220703125,1.0
Qiskit DensityMatrix,Accelerated-response,10,0.16666666666666666,0.0,0.021055838899296613,0.015000000000000008,0.011982168566867023,0.010317309673702032,0.005966065817225192,0.005000000000000008,0.001999999999999999,0.0009999999999999996,0.005966065817225192,0.0009999999999999996,0.005960099751407965,0.0009940339341827744,8192,0.0052490234375,0.0010986328125,0.0052490234375,0.0010986328125,1.0
Qiskit DensityMatrix,Accelerated-response,11,0.25,0.0,0.022136393149268338,0.015000000000000012,0.01225283156600982,0.010359319501755814,0.006111186571719767,0.004999999999999999,0.0020000000000000013,0.001,0.006111186571719767,0.001,0.006105075385148044,0.000993888813428281,8192,0.0037841796875,0.001220703125,0.0037841796875,0.001220703125,1.0000000000000002
Qiskit DensityMatrix,Accelerated-response,12,0.3333333333333333,0.0,0.023616434513139543,0.014999999999999998,0.012542796457673021,0.010403810833473403,0.006266550588777468,0.005000000000000007,0.0020000000000000005,0.0010000000000000005,0.006266550588777468,0.0010000000000000005,0.00626028403818869,0.0009937334494112232,8192,0.0059814453125,0.0008544921875,0.0059814453125,0.0008544921875,1.0000000000000002
Qiskit DensityMatrix,Accelerated-response,13,0.4166666666666667,0.0,0.02553005241610633,0.015000000000000003,0.012854141827355713,0.010450870467153633,0.006432356419944931,0.005000000000000004,0.0019999999999999987,0.001,0.006432356419944931,0.001,0.006425924063524984,0.000993567643580055,8192,0.0064697265625,0.000732421875,0.0064697265625,0.000732421875,1.0000000000000002
Qiskit DensityMatrix,Accelerated-response,14,0.5,0.0,0.02791978753138254,0.015000000000000017,0.013189264151094325,0.010500594293970251,0.006608820898173929,0.005000000000000002,0.0020000000000000026,0.0010000000000000002,0.006608820898173929,0.0010000000000000002,0.006602212077275758,0.0009933911791018262,8192,0.0054931640625,0.0010986328125,0.0054931640625,0.0010986328125,0.9999999999999999
Qiskit DensityMatrix,Accelerated-response,15,0.5833333333333334,0.0,0.03083641847048125,0.015000000000000013,0.013550911511849159,0.010553088657643596,0.006796182562105605,0.005000000000000003,0.002000000000000001,0.0009999999999999998,0.006796182562105605,0.0009999999999999998,0.0067893863795435,0.000993203817437894,8192,0.0068359375,0.0008544921875,0.0068359375,0.0008544921875,1.0000000000000002
Qiskit DensityMatrix,Accelerated-response,16,0.6666666666666666,0.05,0.034338685390545055,0.015152321569372374,0.013943524377402868,0.010608475363266581,0.006994712644573205,0.005000000000000003,0.001999999999999999,0.001,0.006994712644573205,0.001,0.00698771793192863,0.0009930052873554271,8192,0.005859375,0.0009765625,0.005859375,0.0009765625,0.9999999999999997
Qiskit DensityMatrix,Accelerated-response,17,0.75,0.1,0.03849293970892626,0.015457872633043483,0.01437213466075016,0.010666894088062987,0.0072047216061090985,0.005000000000000002,0.0020000000000000013,0.0010000000000000005,0.0072047216061090985,0.0010000000000000005,0.007197516884502989,0.000992795278393891,8192,0.0064697265625,0.0006103515625,0.0064697265625,0.0006103515625,0.9999999999999998
Qiskit DensityMatrix,Accelerated-response,18,0.8333333333333334,0.15,0.04337270758258508,0.015919881750480737,0.014842407873048212,0.010728504990352102,0.00742656642121011,0.0049999999999999975,0.0020000000000000005,0.0009999999999999998,0.00742656642121011,0.0009999999999999998,0.007419139854788899,0.0009925734335787901,8192,0.0072021484375,0.0006103515625,0.0072021484375,0.0006103515625,0.9999999999999998
Qiskit DensityMatrix,Accelerated-response,19,0.9166666666666666,0.2,0.049058153442727556,0.016543889796483358,0.015360686845627249,0.010793491515805068,0.007660658646973604,0.005,0.002000000000000001,0.0009999999999999992,0.007660658646973604,0.0009999999999999992,0.007652997988326628,0.000992339341353026,8192,0.0084228515625,0.0008544921875,0.0084228515625,0.0008544921875,0.9999999999999994
Qiskit DensityMatrix,Accelerated-response,20,1.0,0.25,0.05563542871871491,0.01733773633154038,0.015934036124220025,0.01086206339558279,0.007907473294267296,0.005000000000000003,0.001999999999999999,0.001000000000000001,0.007907473294267296,0.001000000000000001,0.007899565820973042,0.0009920925267057335,8192,0.006591796875,0.001220703125,0.006591796875,0.001220703125,0.9999999999999999
Qiskit DensityMatrix,Accelerated-response,21,1.0,0.3,0.06259783256224613,0.01831154031355852,0.016567565205259285,0.010934451824059435,0.00816754075319824,0.005,0.002,0.0010000000000000009,0.00816754075319824,0.0010000000000000009,0.008159373212445043,0.0009918324592468023,8192,0.0079345703125,0.0013427734375,0.0078125,0.001220703125,1.0
Qiskit DensityMatrix,Accelerated-response,22,1.0,0.35,0.06993806085172316,0.019477674671089268,0.017266643778918605,0.01101091064990147,0.008441451270303319,0.005000000000000004,0.0019999999999999983,0.0010000000000000002,0.008441451270303319,0.0010000000000000002,0.008433009819033017,0.000991558548729697,8192,0.0087890625,0.000732421875,0.0087890625,0.000732421875,0.9999999999999994
Qiskit DensityMatrix,Accelerated-response,23,1.0,0.4,0.07764841536820989,0.02085073412895286,0.018036906621610053,0.011091717550372193,0.008729859545552028,0.004999999999999998,0.002000000000000001,0.0009999999999999994,0.008729859545552028,0.0009999999999999994,0.00872112968600648,0.0009912701404544472,8192,0.007568359375,0.0009765625,0.007568359375,0.0009765625,0.9999999999999997
Qiskit DensityMatrix,Accelerated-response,24,1.0,0.45,0.08572081223145962,0.022447495551019173,0.018884259890708223,0.011177175185523504,0.00903348944281169,0.005000000000000001,0.0019999999999999996,0.001,0.00903348944281169,0.001,0.009024455953368878,0.000990966510557188,8192,0.0084228515625,0.0013427734375,0.0084228515625,0.0013427734375,0.9999999999999992
Qiskit DensityMatrix,Accelerated-response,25,1.0,0.5,0.09414679075429709,0.02428686994281497,0.019814888706983228,0.011267612328477542,0.009353138806244455,0.00527870363743311,0.0020000000000000013,0.0010000000000000007,0.009353138806244455,0.0010000000000000007,0.009343785667438213,0.0009906468611937558,8192,0.0096435546875,0.0009765625,0.0096435546875,0.0009765625,0.9999999999999996
Qiskit DensityMatrix,Accelerated-response,26,1.0,0.55,0.10291752270508109,0.026388760288482388,0.02083485865165069,0.011363362076370485,0.009689681444777533,0.005691039043799004,0.0019999999999999974,0.0010000000000000002,0.009689681444777533,0.0010000000000000002,0.00967999176333276,0.0009903103185552227,8192,0.0076904296875,0.0006103515625,0.0076904296875,0.0006103515625,0.9999999999999992
Qiskit DensityMatrix,Accelerated-response,27,1.0,0.6,0.1120238300108597,0.028773621646298618,0.021949983403765,0.011464756594913786,0.010044067555546191,0.006249005903315087,0.0019999999999999987,0.0010000000000000013,0.010044067555546191,0.0010000000000000013,0.010034023487990653,0.0009899559324444546,8192,0.0093994140625,0.001220703125,0.0093994140625,0.001220703125,0.9999999999999993
Qiskit DensityMatrix,Accelerated-response,28,1.0,0.65,0.12145620316731721,0.03146326455421953,0.023166136061052063,0.011572145477284038,0.010417325797882243,0.006965110174732687,0.001999999999999997,0.0010000000000000005,0.010417325797882243,0.0010000000000000005,0.01040690847208437,0.0009895826742021174,8192,0.0106201171875,0.001953125,0.0106201171875,0.001953125,0.999999999999999
Qiskit DensityMatrix,Accelerated-response,29,1.0,0.7,0.13120481237156367,0.03448076741337909,0.024489227702863856,0.011685894515243005,0.010810564873091403,0.007852302229550311,0.002,0.0009999999999999992,0.010810564873091403,0.0009999999999999992,0.010799754308218307,0.0009891894351269077,8192,0.010009765625,0.000732421875,0.010009765625,0.000732421875,0.9999999999999989
Qiskit DensityMatrix,Accelerated-response,30,1.0,0.75,0.1412595189829341,0.03785037545679416,0.025925186054262507,0.011806384251496488,0.011224974554843241,0.008923910391367964,0.0019999999999999996,0.0009999999999999994,0.011224974554843241,0.0009999999999999994,0.011213749580288397,0.0009887750254451567,8192,0.013427734375,0.000732421875,0.013427734375,0.000732421875,0.9999999999999991
Qiskit DensityMatrix,Accelerated-response,31,1.0,0.8,0.1516098872958329,0.04159738514640211,0.027479934284668616,0.0119340083304275,0.011661826117327802,0.010193570464309722,0.0019999999999999987,0.0010000000000000013,0.011661826117327802,0.0010000000000000013,0.011650164291210482,0.0009883381738826726,8192,0.012939453125,0.001220703125,0.0128173828125,0.0010986328125,0.9999999999999992
Qiskit DensityMatrix,Accelerated-response,32,1.0,0.85,0.16224519660833647,0.04574801282178132,0.029159369971479214,0.01206917166957746,0.012122472111581108,0.011675151947507182,0.0019999999999999987,0.0009999999999999992,0.012122472111581108,0.0009999999999999992,0.012110349639469527,0.0009878775278884182,8192,0.0106201171875,0.000732421875,0.0106201171875,0.000732421875,0.9999999999999992
Qiskit DensityMatrix,Accelerated-response,33,1.0,0.9,0.1731544535699531,0.05032924642100785,0.030969344256151162,0.012212288479533871,0.012608345444627257,0.013382681726764767,0.0020000000000000005,0.0010000000000000005,0.012608345444627257,0.0010000000000000005,0.012595737099182634,0.0009873916545553726,8192,0.01171875,0.0010986328125,0.0115966796875,0.0009765625,0.9999999999999992
Qiskit DensityMatrix,Accelerated-response,34,1.0,0.95,0.18432640479164125,0.05536867911028895,0.032915641217478794,0.01236378016511221,0.013120957721394037,0.015330266108800552,0.0020000000000000026,0.0009999999999999987,0.013120957721394037,0.0009999999999999987,0.013107836763672638,0.0009868790422786055,8192,0.0126953125,0.0008544921875,0.0126953125,0.0008544921875,0.9999999999999994
Qiskit DensityMatrix,Accelerated-response,35,1.0,1.0,0.1957495497009036,0.060894323696609555,0.03500395748418143,0.012524073145779952,0.01366189681579175,0.017532012113067513,0.0019999999999999996,0.0009999999999999998,0.01366189681579175,0.0009999999999999998,0.013648234918975958,0.0009863381031842082,8192,0.0157470703125,0.00146484375,0.0157470703125,0.00146484375,0.9999999999999993
Qiskit DensityMatrix,Accelerated-response,36,1.0,1.0,0.20741215362450108,0.06663942882318584,0.037237376075304224,0.012693589573167095,0.014232803874308177,0.01999757525850957,0.001999999999999999,0.0009999999999999998,0.014232803874308177,0.0009999999999999998,0.01421857107043387,0.0009857671961256919,8192,0.0120849609375,0.0013427734375,0.0120849609375,0.0013427734375,0.9999999999999994
Qiskit DensityMatrix,Accelerated-response,37,1.0,1.0,0.21930226108105952,0.07259470448141575,0.03961858859567655,0.012872744625746082,0.014835366216629276,0.022735045557184627,0.0019999999999999987,0.0009999999999999992,0.014835366216629276,0.0009999999999999992,0.014820530850412648,0.0009851646337833701,8192,0.0147705078125,0.0009765625,0.0147705078125,0.0009765625,0.9999999999999997
Qiskit DensityMatrix,Accelerated-response,38,1.0,1.0,0.2314077092664413,0.07875068417633983,0.042149874883342986,0.01306194399156972,0.015471309586318028,0.025750807014588723,0.0021789203382184337,0.0010000000000000002,0.015471309586318028,0.0010000000000000002,0.015455838276731707,0.0009845286904136817,8192,0.013916015625,0.0020751953125,0.013916015625,0.0020751953125,0.9999999999999998
Qiskit DensityMatrix,Accelerated-response,39,1.0,1.0,0.24371614171421066,0.08509774705945697,0.044833084491574214,0.013261581588546678,0.016142389804404383,0.02904538474058193,0.002514813544686635,0.0009999999999999992,0.016142389804404383,0.0009999999999999992,0.0161262474146,0.000983857610195595,8192,0.0167236328125,0.000732421875,0.0167236328125,0.000732421875,0.9999999999999996
Qiskit DensityMatrix,Accelerated-response,40,1.0,1.0,0.25621502211343533,0.09162622078064812,0.04766965600269965,0.013472039276986269,0.016850384236984123,0.032612458665340516,0.0030307472747444085,0.0009999999999999996,0.016850384236984123,0.0009999999999999996,0.01683353385274713,0.0009831496157630157,8192,0.017333984375,0.001220703125,0.017333984375,0.001220703125,0.9999999999999993
Qiskit DensityMatrix,Accelerated-response,41,1.0,1.0,0.2688916478887422,0.09832648348387225,0.05066064962642665,0.013693687545362484,0.017597083320015965,0.03644232622404504,0.003749539876389478,0.001,0.017597083320015965,0.001,0.017579486236695953,0.0009824029166799837,8192,0.0196533203125,0.0008544921875,0.0196533203125,0.0008544921875,0.9999999999999996
Qiskit DensityMatrix,Accelerated-response,42,1.0,1.0,0.28173316350973354,0.1051889854482156,0.05380675445799962,0.013926885396727122,0.01838428201159458,0.04052192353711278,0.004693326342372909,0.0009999999999999992,0.01838428201159458,0.0009999999999999992,0.018365897729582997,0.0009816157179884045,8192,0.015625,0.000732421875,0.015625,0.000732421875,0.9999999999999994
Qiskit DensityMatrix,Accelerated-response,43,1.0,1.0,0.2947265738707768,0.11220426835672073,0.057108297868582965,0.014171980694156155,0.019213771280754827,0.044834908687232604,0.005883126755746865,0.000999999999999999,0.019213771280754827,0.000999999999999999,0.01919455750947407,0.0009807862287192447,8192,0.021240234375,0.001953125,0.02099609375,0.001708984375,0.9999999999999997
Qiskit DensityMatrix,Accelerated-response,44,1.0,1.0,0.3078587577317111,0.11936298223675675,0.06056525670885243,0.01442931094930122,0.020087329741280073,0.04936180760841299,0.007338429769542985,0.000999999999999999,0.020087329741280073,0.000999999999999999,0.020067242411538788,0.0009799126702587193,8192,0.0205078125,0.0010986328125,0.0205078125,0.0010986328125,0.9999999999999993
Qiskit DensityMatrix,Accelerated-response,45,1.0,1.0,0.321116481210583,0.12665590013859207,0.06417726999401435,0.014699204525251235,0.021006715536435506,0.05408022170116121,0.009076803452753916,0.0009999999999999992,0.021006715536435506,0.0009999999999999992,0.020985708820899066,0.000978993284463564,8192,0.022705078125,0.0006103515625,0.022705078125,0.0006103515625,0.9999999999999994
Qiskit DensityMatrix,Accelerated-response,46,1.0,1.0,0.3344864113199959,0.1340739306392498,0.06794365273113913,0.014981982212896532,0.02197365857604541,0.05896509484827508,0.011113545162542777,0.001,0.02197365857604541,0.001,0.021951684917469388,0.000978026341423954,8192,0.02197265625,0.0008544921875,0.02197265625,0.0008544921875,0.9999999999999991
Qiskit DensityMatrix,Accelerated-response,47,1.0,1.0,0.34795512953909935,0.14160812827652525,0.07186341054775545,0.015277959129204825,0.02298985322093626,0.06398903606712891,0.013461380980810936,0.0010000000000000002,0.02298985322093626,0.0010000000000000002,0.02296686336771533,0.0009770101467790635,8192,0.024169921875,0.0009765625,0.024169921875,0.0009765625,0.9999999999999991
Qiskit DensityMatrix,Accelerated-response,48,1.0,1.0,0.36150914541358053,0.14924970203318724,0.07593525478394751,0.015587446876607878,0.024056951501566892,0.06912269263820485,0.016130223716444323,0.0009999999999999985,0.024056951501566892,0.0009999999999999985,0.02403289455006533,0.0009759430484984326,8192,0.02392578125,0.00146484375,0.02392578125,0.00146484375,0.9999999999999991
Qiskit DensityMatrix,Accelerated-response,49,1.0,1.0,0.3751349101763033,0.1569900220038052,0.08015761771853575,0.01591075589534252,0.025176556947801746,0.07433516723790312,0.019126996576674028,0.0009999999999999985,0.025176556947801746,0.0009999999999999985,0.025151380390853934,0.0009748234430521977,8192,0.025390625,0.000732421875,0.025390625,0.000732421875,0.9999999999999991
Qiskit DensityMatrix,Accelerated-response,50,1.0,1.0,0.3888188303814,0.1648206243864238,0.0845237273363643,0.016248197935312486,0.02634806280045178,0.07959447141734152,0.022455527423440598,0.0012086736408261445,0.02634806280045178,0.0012086736408261445,0.026282617765629422,0.0011432286060037856,8192,0.029052734375,0.001953125,0.02880859375,0.001708984375,0.9999999999999989
Qiskit DensityMatrix,Accelerated-response,51,1.0,1.0,0.40254728154471037,0.17273321494844476,0.08902422019025871,0.016600068270510755,0.027569775366342485,0.08486793031890826,0.026107828742380698,0.0016831979389218823,0.027569775366342485,0.0016831979389218823,0.027408960878017825,0.0015223834505972305,8192,0.0234375,0.002197265625,0.02294921875,0.001708984375,0.999999999999999
Qiskit DensityMatrix,Accelerated-response,52,1.0,1.0,0.41630662341222113,0.18071967168681813,0.09364705021665494,0.016966639339010048,0.02883884064248392,0.090123147783142,0.030062667870149683,0.0024702702954763653,0.02883884064248392,0.0024702702954763653,0.028512238209732393,0.0021436678627248314,8192,0.026123046875,0.0020751953125,0.02587890625,0.0018310546875,0.999999999999999
Qiskit DensityMatrix,Accelerated-response,53,1.0,1.0,0.4300832157501455,0.18877203975254148,0.09837725332141159,0.017348154011610672,0.030151101521624465,0.09532910404047976,0.034293732726960374,0.003613608372771085,0.030151101521624465,0.003613608372771085,0.029572641302676693,0.003035148153823303,8192,0.0284423828125,0.0040283203125,0.0283203125,0.00390625,0.9999999999999991
Qiskit DensityMatrix,Accelerated-response,54,1.0,1.0,0.44386343461358346,0.19688251917323119,0.1031967741924329,0.017744817810261576,0.03150097580459879,0.10045686288074768,0.03877037814742457,0.005152492561473201,0.03150097580459879,0.005152492561473201,0.030569300775998485,0.004220817532872895,8192,0.0318603515625,0.0054931640625,0.03076171875,0.00439453125,0.9999999999999991
Qiskit DensityMatrix,Accelerated-response,55,1.0,1.0,0.45763368909899066,0.20504345214249955,0.10808437955946348,0.01815679042035714,0.03288136543224891,0.10548026090511016,0.04345851216038945,0.007120427082444554,0.03288136543224891,0.007120427082444554,0.031480992149966705,0.005720053800162339,8192,0.0347900390625,0.0069580078125,0.0335693359375,0.0057373046875,0.999999999999999
Qiskit DensityMatrix,Accelerated-response,56,1.0,1.0,0.47138043853374667,0.21324731026889276,0.1130156774425201,0.01858417675652415,0.034283607901127985,0.11037655863244938,0.04832158825451136,0.009543967111957246,0.034283607901127985,0.009543967111957246,0.03228695173338108,0.00754731094421031,8192,0.0362548828125,0.010009765625,0.0338134765625,0.007568359375,0.999999999999999
Qiskit DensityMatrix,Accelerated-response,57,1.0,1.0,0.48509021003389563,0.22148668215032297,0.11796325922993661,0.01902701789650353,0.03569748066622006,0.11512703184313446,0.05332166495603065,0.012441750617048957,0.03569748066622006,0.012441750617048957,0.032967771344437985,0.009712041295266883,8192,0.0389404296875,0.01318359375,0.0352783203125,0.009521484375,0.9999999999999991
Qiskit DensityMatrix,Accelerated-response,58,1.0,1.0,0.4987496163393647,0.22975426160896184,0.12289697716393493,0.019485282243141906,0.03711126827455668,0.11971748089934156,0.05842049109543531,0.01582376359237075,0.03711126827455668,0.01582376359237075,0.033506329197850536,0.012218824515664627,8192,0.0357666015625,0.015380859375,0.032470703125,0.0120849609375,0.999999999999999
Qiskit DensityMatrix,Accelerated-response,59,1.0,1.0,0.512345373815515,0.23804283688670969,0.12778436400890728,0.019958857306646274,0.03851189988172212,0.12413863614631165,0.06358057416827988,0.019690856805436568,0.03851189988172212,0.019690856805436568,0.0338887042280435,0.015067661151757967,8192,0.038330078125,0.01806640625,0.034423828125,0.01416015625,0.9999999999999991
Qiskit DensityMatrix,Accelerated-response,60,1.0,1.0,0.5258643204917449,0.24634528106290082,0.13259119450567958,0.020447542514655623,0.03988516163016671,0.12838643910295713,0.06876619031970577,0.024034521677857166,0.03988516163016671,0.024034521677857166,0.0341050139146157,0.018254373962306166,8192,0.03955078125,0.02197265625,0.0340576171875,0.0164794921875,0.9999999999999989
Qiskit DensityMatrix,Accelerated-response,61,1.0,1.0,0.5392934339929566,0.2546545439143134,0.13728218000701226,0.02095104345345737,0.04121598418099267,0.1324621821506565,0.07394429769883575,0.02883692318166472,0.04121598418099267,0.02883692318166472,0.034150112781551785,0.021771051782223848,8192,0.0390625,0.030029296875,0.0308837890625,0.0218505859375,0.999999999999999
Qiskit DensityMatrix,Accelerated-response,62,1.0,1.0,0.5526198492089044,0.26296364539338385,0.14182177893777145,0.021468967917888382,0.042488800692235255,0.13637249387452874,0.07908532010083248,0.03407117911864268,0.042488800692235255,0.03407117911864268,0.034024091334241224,0.02560646976064865,8192,0.04248046875,0.0322265625,0.033203125,0.02294921875,0.9999999999999987
Qiskit DensityMatrix,Accelerated-response,63,1.0,1.0,0.5658308755404786,0.2712656708546033,0.146175097054076,0.02200082409945067,0.0436879650692034,0.14012916301205605,0.08416377466653305,0.03970186822594938,0.0436879650692034,0.03970186822594938,0.03373252394581295,0.02974642710255891,8192,0.0440673828125,0.039794921875,0.0341796875,0.0299072265625,0.9999999999999988
Qiskit DensityMatrix,Accelerated-response,64,1.0,1.0,0.5789140135614022,0.2795537681123289,0.1503088436028429,0.022546021172804572,0.04479821484150032,0.1437488008750451,0.08915872554026316,0.04568574438468255,0.04479821484150032,0.04568574438468255,0.03328642906363074,0.03417395860681296,8192,0.046142578125,0.048828125,0.0343017578125,0.0369873046875,0.9999999999999987
Qiskit DensityMatrix,Accelerated-response,65,1.0,1.0,0.5918569709389894,0.28782114636680944,0.15419230314073462,0.02310387245256764,0.04580515809516675,0.14725234973574436,0.09405405428991377,0.051972630791714575,0.04580515809516675,0.051972630791714575,0.032701925209278816,0.03886939790582666,8192,0.042724609375,0.0472412109375,0.03173828125,0.0362548828125,0.9999999999999984
Qiskit DensityMatrix,Accelerated-response,66,1.0,1.0,0.6046476774685436,0.29606107699027856,0.1577982786355214,0.023673601189303048,0.0466957600777331,0.1506644524810783,0.09883854699685526,0.05850646612074712,0.0466957600777331,0.05850646612074712,0.03199958990243499,0.04381029594544902,8192,0.046142578125,0.0548095703125,0.0318603515625,0.04052734375,0.9999999999999983
Qiskit DensityMatrix,Accelerated-response,67,1.0,1.0,0.6172742990925392,0.3042668961227505,0.16110396007887864,0.02425434896113074,0.047458802917623895,0.15401270623167107,0.10350580663418876,0.06522647415244136,0.047458802917623895,0.06522647415244136,0.031203553487674503,0.04897122472249196,8192,0.0501708984375,0.067138671875,0.0335693359375,0.050537109375,0.9999999999999983
Qiskit DensityMatrix,Accelerated-response,68,1.0,1.0,0.6297252507973243,0.3124320089887528,0.1640916745086308,0.02484518650190747,0.048085291746450445,0.15732682896465863,0.10805400711040135,0.07206842872476972,0.048085291746450445,0.07206842872476972,0.03034038312435372,0.05432352010267303,8192,0.04931640625,0.073974609375,0.0308837890625,0.0555419921875,0.9999999999999982
Qiskit DensityMatrix,Accelerated-response,69,1.0,1.0,0.6419892083060367,0.32054989581269866,0.16674947812213275,0.025445126695252795,0.04856878257457019,0.16063777289233833,0.11248551168652217,0.07896598674934645,0.04856878257457019,0.07896598674934645,0.029437831134766987,0.05983503530954322,8192,0.0477294921875,0.0765380859375,0.029052734375,0.057861328125,0.9999999999999983
Qiskit DensityMatrix,Accelerated-response,70,1.0,1.0,0.6540551185156558,0.3286141191826455,0.16907155881706276,0.026053139362646235,0.048905611495031795,0.16397682097657398,0.11680638303194527,0.08585206309333836,0.048905611495031795,0.08585206309333836,0.02852353411327598,0.06546998571158257,8192,0.049072265625,0.08447265625,0.0302734375,0.065673828125,0.9999999999999984
Qiskit DensityMatrix,Accelerated-response,71,1.0,1.0,0.6659122086574711,0.3366183326903473,0.17105842749124459,0.026668167389582127,0.04909501087129736,0.16737470322953368,0.12102581478005214,0.09266022205079424,0.04909501087129736,0.09266022205079424,0.027623753077246495,0.07118896425674338,8192,0.04833984375,0.0931396484375,0.0263671875,0.0711669921875,0.9999999999999984
Qiskit DensityMatrix,Accelerated-response,72,1.0,1.0,0.677549994192362,0.3445562906599554,0.1727168879975359,0.02728914367145058,0.04913910556279038,0.17086076731628094,0.12515551506429823,0.09932606074002193,0.04913910556279038,0.09932606074002193,0.026762239942263795,0.07694919511949533,8192,0.0450439453125,0.0927734375,0.0262451171875,0.073974609375,0.9999999999999986
Qiskit DensityMatrix,Accelerated-response,73,1.0,1.0,0.6889582854838552,0.3524218587683544,0.17405978784750967,0.02791500832404022,0.049042790254563824,0.1744622336205324,0.1292090713078727,0.10578856000512141,0.049042790254563824,0.10578856000512141,0.025959302346600956,0.08270507209715856,8192,0.0516357421875,0.1097412109375,0.0272216796875,0.0853271484375,0.9999999999999982
Qiskit DensityMatrix,Accelerated-response,74,1.0,1.0,0.700127193321553,0.3602090253565805,0.17510556358860838,0.028544725594203752,0.04881349680048063,0.17820355876379765,0.13320132279382405,0.11199137832918586,0.04881349680048063,0.11199137832918586,0.025231119032285598,0.0884090005609909,8192,0.049560546875,0.1114501953125,0.0255126953125,0.08740234375,0.9999999999999984
Qiskit DensityMatrix,Accelerated-response,75,1.0,1.0,0.7110471333939866,0.3679119132334095,0.175877605289512,0.02917729992429919,0.04846086740554032,0.1821059241502987,0.13714776364528744,0.11788406404358126,0.04846086740554032,0.11788406404358126,0.024589334128489994,0.09401253076653092,8192,0.0517578125,0.1181640625,0.0250244140625,0.0914306640625,0.9999999999999981
Qiskit DensityMatrix,Accelerated-response,76,1.0,1.0,0.7217088298322805,0.3755247917783075,0.1764034729538557,0.029811790667685856,0.04799635482872891,0.18618685811464594,0.141063994235584,0.12342316097113155,0.04799635482872891,0.12342316097113155,0.02404093371314899,0.0994677398555516,8192,0.04638671875,0.11572265625,0.0230712890625,0.0924072265625,0.9999999999999983
Qiskit DensityMatrix,Accelerated-response,77,1.0,1.0,0.7321033179632185,0.3830420891605953,0.17671400337483295,0.030447325018334664,0.04743277415195895,0.19045999236460204,0.14496523416506543,0.128573182831764,0.04743277415195895,0.128573182831764,0.023588384851830665,0.10472879353163571,8192,0.046875,0.123046875,0.02392578125,0.10009765625,0.9999999999999984
Qiskit DensityMatrix,Accelerated-response,78,1.0,1.0,0.7422219464220405,0.39045840450401864,0.17684234866316323,0.03108310880067846,0.04678383185043038,0.19493494626683647,0.14886590518191625,0.13330743252101496,0.04678383185043038,0.13330743252101496,0.02322999837073115,0.1097535990413157,8192,0.0460205078125,0.1326904296875,0.0223388671875,0.1090087890625,0.9999999999999986
Qiskit DensityMatrix,Accelerated-response,79,1.0,1.0,0.7520563787811605,0.39776851984007777,0.17682298745370698,0.03171843486044154,0.04606365698704273,0.19961732662446235,0.1527792881067862,0.13760864395691136,0.04606365698704273,0.13760864395691136,0.02296046357733419,0.11450545054720278,8192,0.044921875,0.13525390625,0.0218505859375,0.1121826171875,0.9999999999999986
Qiskit DensityMatrix,Accelerated-response,80,1.0,1.0,0.7615985948510507,0.4049674117086802,0.17669074692898273,0.032352688897170155,0.04528635663443736,0.20450882627767394,0.1567172541677802,0.14146942672300766,0.04528635663443736,0.14146942672300766,0.02277149672244872,0.11895456681101904,8192,0.044189453125,0.1370849609375,0.02392578125,0.1168212890625,0.9999999999999986
Qiskit DensityMatrix,Accelerated-response,81,1.0,1.0,0.7708408918041637,0.41205026228025243,0.17647986882482433,0.03298535267845601,0.04446561356319,0.20960740227216135,0.16069006828143517,0.1448924972741371,0.04446561356319,0.1448924972741371,0.022652544995157453,0.12307942870610453,8192,0.0494384765625,0.151611328125,0.024169921875,0.1263427734375,0.9999999999999987
Qiskit DensityMatrix,Accelerated-response,82,1.0,1.0,0.7797758852623299,0.41901246988889973,0.17622314618625043,0.03361600466889469,0.043614339371787235,0.21490751345282968,0.16470625974921466,0.14789068498630922,0.043614339371787235,0.14789068498630922,0.022591493278838057,0.12686783889336,8192,0.04296875,0.1414794921875,0.0208740234375,0.119384765625,0.9999999999999987
Qiskit DensityMatrix,Accelerated-response,83,1.0,1.0,0.7883965104734554,0.4258496588810965,0.1759511505616409,0.034244318189137105,0.04274439113052743,0.22040039796930727,0.16877255452086765,0.150486706707609,0.04274439113052743,0.150486706707609,0.022575330277289272,0.1303176458543708,8192,0.042236328125,0.151611328125,0.0230712890625,0.1324462890625,0.9999999999999988
Qiskit DensityMatrix,Accelerated-response,84,1.0,1.0,0.7966960236852152,0.4325576886984928,0.17569156227545454,0.03487005728875875,0.041866354765082055,0.22607437303183825,0.17289386249230101,0.1527127095149422,0.041866354765082055,0.1527127095149422,0.022590742230333978,0.13343709698019415,8192,0.040283203125,0.15283203125,0.02197265625,0.134521484375,0.9999999999999984
Qiskit DensityMatrix,Accelerated-response,85,1.0,1.0,0.8046680038028082,0.43913266212656615,0.1754686100201678,0.03549307056931766,0.040989394204932875,0.23191514197788396,0.17707331311095723,0.15460958785957926,0.040989394204932875,0.15460958785957926,0.02262461461839891,0.1362448082730453,8192,0.041748046875,0.1527099609375,0.0235595703125,0.134521484375,0.9999999999999986
Qiskit DensityMatrix,Accelerated-response,86,0.95,1.0,0.811931055788259,0.4455709326530027,0.17530067483043538,0.03611327990367841,0.040121154262957336,0.23790609309478186,0.1813123312669949,0.15622608797146384,0.040121154262957336,0.15622608797146384,0.02266442830932158,0.13876936201782805,8192,0.0360107421875,0.1610107421875,0.0196533203125,0.1446533203125,0.9999999999999986
Qiskit DensityMatrix,Accelerated-response,87,0.9,1.0,0.8185257240634641,0.45186911089081566,0.1752020409132059,0.03673067132262646,0.039267727516305896,0.24402859073748182,0.1856107485487489,0.15761771882490347,0.039267727516305896,0.15761771882490347,0.022698563251068973,0.14104855455966658,8192,0.039306640625,0.15771484375,0.0211181640625,0.1395263671875,0.9999999999999986
Qiskit DensityMatrix,Accelerated-response,88,0.85,1.0,0.8244922616829846,0.45802406999763434,0.17518265880752346,0.03734528473688625,0.03843366809114169,0.25026224844207057,0.18996694412050427,0.1588454950351658,0.03843366809114169,0.1588454950351658,0.022716511360373767,0.14312833830439786,8192,0.0394287109375,0.1605224609375,0.0247802734375,0.1458740234375,0.9999999999999986
Qiskit DensityMatrix,Accelerated-response,89,0.8,1.0,0.8298702906682918,0.4640329500677972,0.17524800636930796,0.037957202790229475,0.03762204416448924,0.2565851821994933,0.19437800983705264,0.1599745424456718,0.03762204416448924,0.1599745424456718,0.02270901169508233,0.14506150997626485,8192,0.03564453125,0.161376953125,0.02197265625,0.147705078125,0.9999999999999987
Qiskit DensityMatrix,Accelerated-response,90,0.75,1.0,0.834698499588127,0.4698931614833091,0.17539904185676977,0.03856653913230283,0.036834521345474054,0.26297424443214323,0.19883993447349307,0.16107260165358486,0.036834521345474054,0.16107260165358486,0.022668123167744993,0.14690620347585578,8192,0.036865234375,0.1575927734375,0.0235595703125,0.144287109375,0.9999999999999984
Qiskit DensityMatrix,Accelerated-response,91,0.7,1.0,0.8306242321625891,0.47560238721848064,0.17563224443383435,0.03917342638872354,0.03607146996096968,0.26940524102058405,0.20334780209815834,0.16220846812563045,0.03607146996096968,0.16220846812563045,0.02258725017514424,0.14872424833980505,8192,0.03271484375,0.1561279296875,0.021728515625,0.1451416015625,0.9999999999999982
Qiskit DensityMatrix,Accelerated-response,92,0.65,1.0,0.8261013942039516,0.4811585841012933,0.17589137046982,0.03977794607686098,0.03533193153347985,0.27585265805543485,0.20789597375369276,0.16345041012430675,0.03533193153347985,0.16345041012430675,0.022460973061394558,0.15057945165222153,8192,0.037109375,0.1712646484375,0.02294921875,0.1571044921875,0.9999999999999984
Qiskit DensityMatrix,Accelerated-response,93,0.6,1.0,0.8211749371662901,0.4865599830423053,0.17616557558623733,0.04038017160806629,0.034613916956216746,0.28229035569128463,0.21247829700416898,0.1648646057454637,0.034613916956216746,0.1648646057454637,0.022285192120633925,0.15253588090988093,8192,0.0362548828125,0.1639404296875,0.02392578125,0.151611328125,0.9999999999999986
Qiskit DensityMatrix,Accelerated-response,94,0.55,1.0,0.81588616018613,0.4918050878087487,0.1764402246363608,0.04098015713497122,0.03391455732857067,0.2886917648476805,0.21708831567094974,0.16651364025466925,0.03391455732857067,0.16651364025466925,0.02205708488506409,0.15465616781116265,8192,0.0281982421875,0.1641845703125,0.0172119140625,0.1531982421875,0.9999999999999984
Qiskit DensityMatrix,Accelerated-response,95,0.5,1.0,0.8102727710208755,0.4968926728019627,0.17669730710232093,0.041577927120361895,0.033230262924981414,0.2950300848914189,0.22171947456712374,0.1684551031793259,0.033230262924981414,0.1684551031793259,0.021775055850250677,0.15699989610459528,8192,0.0350341796875,0.17431640625,0.0211181640625,0.160400390625,0.9999999999999987
Qiskit DensityMatrix,Accelerated-response,96,0.44999999999999996,1.0,0.8043689690408038,0.50182177988087,0.17691593912602402,0.042173466871568185,0.032556888672208524,0.301278485823516,0.226365313950253,0.17074032164769104,0.032556888672208524,0.17074032164769104,0.021438681238098046,0.15962211421358052,8192,0.0361328125,0.167236328125,0.0257568359375,0.1568603515625,0.9999999999999984
Qiskit DensityMatrix,Accelerated-response,97,0.4,1.0,0.7982055467631357,0.5065917142808769,0.1770729479406839,0.04276671427547353,0.031889904780718716,0.30741031751171716,0.2310196484430833,0.17341326237166474,0.031889904780718716,0.17341326237166474,0.021048648910898245,0.16257200650184425,8192,0.0302734375,0.168701171875,0.021240234375,0.15966796875,0.9999999999999987
Qiskit DensityMatrix,Accelerated-response,98,0.35,1.0,0.7918100068022839,0.5112020396837155,0.17714353181128445,0.04335755295730992,0.031224571070104054,0.31339932735894455,0.2356767253597272,0.17650962959210825,0.031224571070104054,0.17650962959210825,0.02060669173644862,0.16589175025845287,8192,0.0322265625,0.17431640625,0.0213623046875,0.1634521484375,0.9999999999999984
Qiskit DensityMatrix,Accelerated-response,99,0.30000000000000004,1.0,0.785206691486124,0.5156525724991219,0.17710198496884738,0.04394580706913064,0.030556113079820386,0.3192198865524633,0.24033135774672218,0.1800561804203297,0.030556113079820386,0.1800561804203297,0.02011551166383566,0.16961557900434499,8192,0.0294189453125,0.1766357421875,0.01953125,0.166748046875,0.9999999999999983
Qiskit DensityMatrix,Accelerated-response,100,0.25,1.0,0.7784169227494678,0.5199433754237034,0.17692247268560152,0.04453123788900868,0.02987989733854084,0.3248472237662798,0.24497902801666907,0.18407027251981667,0.02987989733854084,0.18407027251981667,0.019578691525998997,0.1737690667072748,8192,0.0289306640625,0.1829833984375,0.019287109375,0.17333984375,0.9999999999999982
Qiskit DensityMatrix,Accelerated-response,101,0.19999999999999996,1.0,0.771459150259231,0.5240747503456715,0.1765798369681248,0.04511354237767611,0.029191602286727587,0.3302576639564314,0.24961595881447907,0.18855965219956308,0.029191602286727587,0.18855965219956308,0.01900059209170389,0.17836864200453936,8192,0.0286865234375,0.1910400390625,0.01953125,0.181884765625,0.9999999999999986
Qiskit DensityMatrix,Accelerated-response,102,0.15000000000000002,1.0,0.7643491060480848,0.5280472306661061,0.17605040882930287,0.04569235379425449,0.02848738044388055,0.33542886876013034,0.2542391486953162,0.19352248396650948,0.02848738044388055,0.19352248396650948,0.01838623303321655,0.18342133655584555,8192,0.0252685546875,0.1939697265625,0.01708984375,0.185791015625,0.9999999999999986
Qiskit DensityMatrix,Accelerated-response,103,0.09999999999999998,1.0,0.7570999642324526,0.5318615731078684,0.1753127992840301,0.04626724441664961,0.027764006636598962,0.34034007404820615,0.25884637127794435,0.19894761564423122,0.027764006636598962,0.19894761564423122,0.017741158085260778,0.18892476709289305,8192,0.029296875,0.201171875,0.0189208984375,0.1907958984375,0.9999999999999984
Qiskit DensityMatrix,Accelerated-response,104,0.050000000000000044,1.0,0.7497225046647857,0.5355187490821058,0.17434863864738914,0.04683773034603029,0.02701900660892161,0.3449723194452278,0.2634361377242466,0.20481506653630227,0.02701900660892161,0.20481506653630227,0.017071286527472748,0.19486734645485337,8192,0.02490234375,0.212890625,0.0157470703125,0.2037353515625,0.9999999999999982
Qiskit DensityMatrix,Accelerated-response,105,0.0,1.0,0.7422252796181382,0.539019935679391,0.173143232883512,0.04740327830081368,0.026250760257244588,0.3493086641746129,0.26800762363317837,0.21109672000890506,0.026250760257244588,0.21109672000890506,0.016382754979876145,0.20122871473153664,8192,0.0247802734375,0.2064208984375,0.013916015625,0.195556640625,0.9999999999999982
Qiskit DensityMatrix,Accelerated-response,106,0.0,1.0,0.7348030268219569,0.5423665063479801,0.1716874931244428,0.04796331559110428,0.025458577805461322,0.3533343853291694,0.27256056378541194,0.21775719647847944,0.025458577805461322,0.21775719647847944,0.015681757502969157,0.20798037617598722,8192,0.0289306640625,0.2103271484375,0.0177001953125,0.1990966796875,0.9999999999999984
Qiskit DensityMatrix,Accelerated-response,107,0.0,1.0,0.7274549965537375,0.5455600213156115,0.1699768706418406,0.04851724017514595,0.024642736805193077,0.3570371481867192,0.2770951170068294,0.22475487828786575,0.024642736805193077,0.22475487828786575,0.014974385630299203,0.21508652711297183,8192,0.0235595703125,0.220947265625,0.013427734375,0.2108154296875,0.9999999999999983
Qiskit DensityMatrix,Accelerated-response,108,0.0,1.0,0.7201804465881998,0.5486022178205543,0.16801158108907885,0.04906443195873053,0.023804481203273064,0.3604071463457568,0.2816117056785236,0.23204305443163553,0.023804481203273064,0.23204305443163553,0.014266478172630803,0.22250505140099333,8192,0.0224609375,0.2362060546875,0.0137939453125,0.2275390625,0.9999999999999982
Qiskit DensityMatrix,Accelerated-response,109,0.0,1.0,0.7129786421223181,0.5514950001900273,0.1657966585687063,0.04960426495115854,0.0229459816271111,0.36343720756156966,0.28611083531753617,0.23957115064530018,0.0229459816271111,0.23957115064530018,0.013563487777146934,0.230188656795336,8192,0.0252685546875,0.23828125,0.01513671875,0.2281494140625,0.9999999999999982
Qiskit DensityMatrix,Accelerated-response,110,0.0,1.0,0.7058488557010947,0.5542404297951791,0.1633418360322611,0.05013611984767981,0.022070258269665525,0.3661228622518797,0.29059290035060736,0.24728600904337544,0.022070258269665525,0.24728600904337544,0.012870370270116307,0.23808612104382626,8192,0.022216796875,0.2403564453125,0.0135498046875,0.231689453125,0.9999999999999982
Qiskit DensityMatrix,Accelerated-response,111,0.0,1.0,0.6987903671440836,0.5568407149031384,0.16066125790809302,0.05065939658523968,0.021181070045379988,0.36846237291395395,0.29505798268082134,0.2551331812758296,0.021181070045379988,0.2551331812758296,0.01219150123937054,0.24614361246982008,8192,0.0201416015625,0.266845703125,0.0120849609375,0.2587890625,0.9999999999999982
Qiskit DensityMatrix,Accelerated-response,112,0.0,1.0,0.6918024634726427,0.5592982004387911,0.15777304002026354,0.05117352641843636,0.020282775805359667,0.3704567240639989,0.299505649896127,0.26305820003049035,0.020282775805359667,0.26305820003049035,0.01153062231167916,0.25430604653680977,8192,0.0223388671875,0.2686767578125,0.0113525390625,0.2576904296875,0.9999999999999982
Qiskit DensityMatrix,Accelerated-response,113,0.0,1.0,0.6848844388379168,0.561615357662465,0.15469870002785427,0.05167798308665363,0.0193801751233487,0.372109573678029,0.3039347599943807,0.27100779556605026,0.0193801751233487,0.27100779556605026,0.01089081739242932,0.262518437835131,8192,0.019775390625,0.27099609375,0.0108642578125,0.2620849609375,0.9999999999999982
Qiskit DensityMatrix,Accelerated-response,114,0.0,1.0,0.6780355944495376,0.5637947737651605,0.15146248809676857,0.05217229269017951,0.01847833731405875,0.37342716838634443,0.30834327931757977,0.2789310267142493,0.01847833731405875,0.2789310267142493,0.01027451702098444,0.270727206421175,8192,0.01904296875,0.277587890625,0.0108642578125,0.2694091796875,0.999999999999998
Qiskit DensityMatrix,Accelerated-response,115,0.0,1.0,0.6712552385050427,0.5658391413807038,0.148090651810156,0.05265604195966652,0.01758242780878297,0.374418225767414,0.31272812002173744,0.2867802993178982,0.01758242780878297,0.2867802993178982,0.009683527192279036,0.27888139870139433,8192,0.0166015625,0.2803955078125,0.0096435546875,0.2734375,0.999999999999998
Qiskit DensityMatrix,Accelerated-response,116,0.0,1.0,0.6645426861199919,0.5677512480144925,0.14461067115507675,0.05312888468483738,0.016697540757897637,0.375093787936894,0.3170850028856641,0.29451224923699426,0.016697540757897637,0.29451224923699426,0.00911907768408633,0.2869337861631828,8192,0.01708984375,0.296142578125,0.010498046875,0.28955078125,0.9999999999999981
Qiskit DensityMatrix,Accelerated-response,117,0.0,1.0,0.6578972592587913,0.5695339653914326,0.14105049877130973,0.05359054615908891,0.01582854580696676,0.37546705119416623,0.32140835060938755,0.3020884717140543,0.01582854580696676,0.3020884717140543,0.008581884210414155,0.2948418101175018,8192,0.0146484375,0.302490234375,0.00732421875,0.295166015625,0.9999999999999981
Qiskit DensityMatrix,Accelerated-response,118,0.0,1.0,0.651318286666204,0.5711902387310788,0.13743783773321616,0.05404082559026357,0.01497995552649503,0.37555317676011724,0.3256912159962289,0.30947608389515185,0.01497995552649503,0.30947608389515185,0.008072218607378678,0.30256834697603546,8192,0.0157470703125,0.301025390625,0.009765625,0.2950439453125,0.9999999999999983
Qiskit DensityMatrix,Accelerated-response,119,0.0,1.0,0.6448051037995423,0.5727230759656511,0.13379948437504097,0.05447959651813418,0.014155818140435466,0.37536908763002097,0.3299252485723122,0.31664811250932867,0.014155818140435466,0.31664811250932867,0.007589981681524797,0.31008227605041794,8192,0.0146484375,0.3199462890625,0.007568359375,0.3128662109375,0.9999999999999982
Qiskit DensityMatrix,Accelerated-response,120,0.0,1.0,0.6383570527615462,0.5741355369260099,0.13016075761508752,0.05490680536054987,0.013359638195727988,0.37493325631095203,0.33410070228923733,0.3235837039741343,0.013359638195727988,0.3235837039741343,0.007134774185087496,0.3173588399634938,8192,0.01513671875,0.32080078125,0.00830078125,0.31396484375,0.9999999999999983
